ID,Latitude,Longitude
coral,19.867988,-71.37395
coral,18.21035,-68.964836
coral,12.389324,-68.304496
coral,15.96073,-61.73855
coral,21.088155,-97.06514
coral,21.100641,-97.353893
coral,21.083385,-97.265033
coral,17.221681,-62.438764
coral,17.321353,-62.427965
coral,21.023983,-97.236393
coral,21.12425,-97.25837
coral,18.404929,-87.397179
coral,20.974224,-97.219677
coral,26.599048,-77.038157
coral,26.548496,-77.191047
coral,21.113141,-86.744717
coral,17.65171,-63.371309
coral,20.352105,-87.309675
coral,18.311766,-69.03724
coral,18.227151,-69.077298
coral,18.229218,-69.029158
coral,19.960643,-71.345547
coral,19.879975,-71.384067
coral,18.230822,-67.23894
coral,18.326616,-67.321612
coral,18.277714,-65.271301
coral,17.45317,-62.949034
coral,9.205148,-82.247717
coral,12.174073,-68.374634
coral,9.331017,-82.250583
coral,12.047922,-68.354763
coral,17.024797,-62.687689
coral,17.019846,-62.706735
coral,20.900389,-86.835168
coral,25.056498,-80.238469
coral,21.143742,-97.267074
coral,21.110271,-86.704485
coral,18.529464,-68.224552
coral,24.460907,-81.421032
coral,18.202053,-67.243091
coral,20.415026,-87.20238
coral,15.888568,-86.48239
coral,15.82253,-79.83888
coral,20.278595,-87.379618
coral,9.763116,-82.759964
coral,15.83396,-79.83067
coral,20.479302,-87.224189
coral,15.80542,-79.99915
coral,21.446042,-97.216431
coral,16.14202,-61.83092
coral,17.885,-87.9699
coral,12.399854,-68.254308
coral,21.172201,-97.373777
coral,18.305017,-65.296267
coral,18.280628,-65.212701
coral,18.276076,-65.32062
coral,18.340378,-67.335739
coral,21.112402,-97.26145
coral,18.278859,-87.889893
coral,18.315978,-67.283184
coral,21.082338,-97.254839
coral,15.288216,-61.227751
coral,19.534577,-96.275085
coral,24.588841,-81.593484
coral,21.555742,-97.309594
coral,16.245396,-86.67963
coral,14.45737,-80.25897
coral,20.411013,-87.208464
coral,18.691672,-87.630104
coral,18.855188,-87.603906
coral,18.93006,-87.615182
coral,18.9852,-87.606181
coral,18.636036,-87.689417
coral,18.281319,-87.895471
coral,18.438494,-64.468282
coral,18.228472,-64.481156
coral,18.313503,-64.468061
coral,13.116877,-59.786197
coral,13.119678,-59.645505
coral,19.199528,-95.84977
coral,13.053247,-59.730617
coral,23.834189,-74.568074
coral,13.848801,-61.145576
coral,15.248657,-61.231805
coral,12.027329,-68.93929
coral,18.260312,-64.681668
coral,25.19802,-80.489908
coral,17.24116,-87.790721
coral,18.239335,-65.399403
coral,17.9239,-67.111991
coral,19.6848,-80.0792
coral,9.58223,-82.253454
coral,16.05712,-86.929655
coral,16.240659,-86.304987
coral,20.741826,-86.960058
coral,18.221959,-87.756717
coral,19.7127,-79.8389
coral,26.100382,-77.554481
coral,12.128578,-68.996239
coral,12.001867,-68.929445
coral,18.362073,-87.760339
coral,17.21031,-87.898289
coral,9.587698,-82.283879
coral,21.544444,-97.276805
coral,21.548583,-97.281833
coral,21.544694,-97.276972
coral,21.549056,-97.282111
coral,18.3377,-65.5638
coral,25.076966,-80.391691
coral,18.333,-65.5673
coral,20.764778,-96.989028
coral,20.765056,-96.989194
coral,20.768417,-96.993444
coral,21.51325,-97.25325
coral,20.760778,-96.988361
coral,16.644969,-88.062391
coral,17.292774,-87.48054
coral,20.765,-96.993889
coral,20.754667,-96.994861
coral,20.754861,-96.988
coral,20.765972,-96.991555
coral,21.511556,-97.254444
coral,16.629784,-88.185732
coral,20.760167,-96.987444
coral,18.539778,-94.808361
coral,18.512111,-94.782278
coral,18.539333,-94.807972
coral,18.515778,-94.786028
coral,19.246669,-96.174165
coral,18.511889,-94.783
coral,18.539472,-94.8085
coral,16.944769,-88.14775
coral,16.790478,-88.07608
coral,18.543,-94.819194
coral,18.51625,-94.786305
coral,16.931733,-88.18998
coral,18.27947,-64.96644
coral,18.32323,-64.83592
coral,18.35835,-64.84812
coral,18.36054,-65.03217
coral,18.37186,-64.9864
coral,18.37836,-64.96992
coral,18.30862,-64.70665
coral,18.33216,-64.80054
coral,18.34403,-64.68713
coral,18.35045,-64.67678
coral,18.36685,-64.80989
coral,18.36071,-64.83727
coral,18.36764,-64.77394
coral,18.36923,-64.79666
coral,18.3648,-64.68922
coral,18.3549,-64.68487
coral,18.35971,-64.80083
coral,18.25923,-65.0863
coral,18.27609,-64.7574
coral,18.30285,-64.74585
coral,18.30333,-64.69241
coral,18.30431,-64.73404
coral,18.30649,-64.69244
coral,18.32792,-64.95516
coral,18.34352,-65.01825
coral,18.31949,-64.98439
coral,18.4065,-64.91251
coral,18.36486,-64.73228
coral,18.40518,-64.90871
coral,18.30459,-64.84897
coral,18.31724,-64.93944
coral,18.34548,-65.00408
coral,18.30703,-64.96628
coral,18.31433,-65.00278
coral,18.27584,-64.96782
coral,18.38051,-64.93636
coral,18.3154,-64.85239
coral,18.36205,-65.01799
coral,18.31743,-64.82829
coral,18.3783,-65.06075
coral,18.31323,-64.84244
coral,18.30807,-64.86224
coral,18.36522,-65.01708
coral,18.35051,-65.04056
coral,18.37408,-64.99069
coral,18.36753,-64.87944
coral,18.38369,-64.89002
coral,18.30032,-65.00356
coral,18.31518,-64.73131
coral,18.3458,-64.6914
coral,18.32289,-64.67746
coral,18.34395,-64.70546
coral,18.34093,-64.68095
coral,18.36272,-64.76821
coral,18.36395,-64.78147
coral,18.36486,-64.73275
coral,18.36463,-64.75782
coral,18.35571,-64.79416
coral,18.3021,-64.87211
coral,18.34329,-65.0821
coral,18.3251,-64.96554
coral,18.2701,-64.72093
coral,18.36366,-64.81269
coral,18.33722,-64.69085
coral,18.30702,-64.73454
coral,18.28415,-65.12016
coral,18.27609,-64.85245
coral,18.28904,-64.67383
coral,18.34926,-64.8064
coral,18.28187,-65.1225
coral,18.30996,-64.85375
coral,18.31916,-64.83682
coral,18.32003,-64.84061
coral,18.38902,-64.8986
coral,18.36368,-64.76207
coral,18.36382,-64.79566
coral,18.33883,-64.66295
coral,18.34509,-64.81818
coral,18.27146,-64.72
coral,18.2681,-65.10153
coral,18.28081,-64.83169
coral,18.35044,-64.67773
coral,18.35269,-64.6787
coral,18.34668,-64.79312
coral,18.34669,-64.7917
coral,18.29162,-64.88145
coral,18.26443,-64.79653
coral,18.35095,-64.67159
coral,18.27938,-64.83971
coral,18.33317,-64.68986
coral,18.33355,-64.69791
coral,18.30696,-64.7894
coral,18.36333,-64.89311
coral,18.37641,-64.98409
coral,18.34291,-64.66015
coral,18.34857,-64.78415
coral,18.34362,-64.6824
coral,18.34819,-64.67676
coral,18.34036,-64.69324
coral,18.33973,-64.66248
coral,18.34057,-64.8186
coral,18.36366,-64.81316
coral,18.29788,-64.79451
coral,18.32095,-64.83826
coral,18.30113,-64.83285
coral,18.30541,-64.85702
coral,18.33717,-64.84269
coral,18.36144,-65.03265
coral,18.36459,-65.03363
coral,18.38995,-64.89577
coral,18.34759,-64.69379
coral,18.27995,-64.82742
coral,18.33541,-64.69177
coral,18.3646,-64.65989
coral,18.23725,-64.85204
coral,18.26231,-64.87641
coral,18.38058,-65.05842
coral,18.36716,-65.00386
coral,18.36086,-64.77435
coral,18.36369,-64.7616
coral,18.36131,-64.77387
coral,18.3433,-64.81626
coral,18.30992,-64.85801
coral,18.31962,-64.78811
coral,18.35381,-64.85091
coral,18.36207,-64.92905
coral,18.31695,-64.83207
coral,18.34737,-64.66682
coral,18.34336,-64.66063
coral,18.31105,-64.73789
coral,18.28249,-64.69883
coral,18.30846,-65.00271
coral,18.30942,-64.95306
coral,18.37069,-64.96889
coral,18.34645,-64.99841
coral,18.3172,-64.9872
coral,18.3916,-64.91187
coral,18.31705,-64.72376
coral,18.34907,-64.67913
coral,18.34995,-64.78133
coral,18.3582,-64.76864
coral,18.35119,-64.69476
coral,18.28588,-65.12775
coral,18.27098,-64.72283
coral,18.302,-64.68909
coral,18.30557,-64.69385
coral,18.28876,-64.80387
coral,18.3174,-64.8316
coral,18.3143,-64.82495
coral,18.36397,-65.00713
coral,18.37444,-64.95569
coral,18.30504,-64.84897
coral,18.31311,-64.98999
coral,18.31658,-64.72565
coral,18.31778,-64.69302
coral,18.36272,-64.76868
coral,18.27397,-64.83824
coral,18.30177,-64.99412
coral,18.37662,-64.96375
coral,18.31005,-64.84429
coral,18.3459,-64.68099
coral,18.36774,-64.71385
coral,18.35,-64.67631
coral,18.30708,-64.82487
coral,18.31946,-64.94324
coral,18.30885,-65.00791
coral,18.36487,-65.00761
coral,18.38057,-64.97421
coral,18.35028,-64.6957
coral,18.34691,-64.66824
coral,18.35832,-64.75539
coral,18.34544,-64.68147
coral,18.31644,-64.69112
coral,18.35722,-64.77715
coral,18.36416,-64.75971
coral,18.25375,-65.09238
coral,18.24467,-64.83179
coral,20.754667,-96.986083
coral,18.32973,-64.66949
coral,18.35075,-64.69382
coral,18.28639,-64.8152
coral,18.36168,-64.78334
coral,18.31604,-64.68544
coral,18.37116,-64.68456
coral,18.34903,-64.83146
coral,18.24701,-64.8233
coral,18.36252,-64.92859
coral,18.34308,-64.69279
coral,18.30368,-64.70377
coral,18.30795,-64.82772
coral,18.37273,-64.98973
coral,18.33902,-64.69181
coral,18.33304,-64.94009
coral,18.35599,-64.76389
coral,18.37472,-64.74136
coral,18.30477,-64.78275
coral,18.29887,-64.83282
coral,18.36904,-65.03983
coral,18.3106,-64.83484
coral,18.406,-64.91724
coral,18.36067,-64.74643
coral,18.33596,-64.6809
coral,18.37383,-64.73899
coral,18.35997,-64.77244
coral,18.27748,-64.70398
coral,18.31508,-64.8382
coral,18.3126,-64.95121
coral,18.35807,-64.68395
coral,18.31605,-64.83112
coral,18.30978,-65.00603
coral,18.37733,-64.98221
coral,18.31104,-64.73978
coral,18.33044,-64.69173
coral,18.33071,-64.80951
coral,18.36153,-64.79895
coral,18.31949,-64.98392
coral,18.36375,-65.02795
coral,18.3381,-64.6937
coral,18.30986,-64.99799
coral,18.26385,-64.90385
coral,18.31115,-64.96112
coral,18.31479,-64.91387
coral,18.30289,-64.83713
coral,18.35772,-64.77194
coral,18.36866,-64.76118
coral,18.28229,-64.95654
coral,18.36629,-64.77298
coral,18.27613,-64.84914
coral,18.38315,-64.89901
coral,18.29657,-64.8834
coral,18.36951,-64.99537
coral,18.35806,-64.83156
coral,18.34894,-64.6938
coral,18.34805,-64.79172
coral,18.32327,-64.68504
coral,18.24699,-64.82566
coral,18.30208,-64.82813
coral,18.35074,-64.79411
coral,18.33487,-64.84692
coral,18.4003,-64.90062
coral,18.39232,-64.97387
coral,18.32625,-64.94143
coral,18.33942,-64.84366
coral,18.35952,-64.77244
coral,18.28345,-64.69316
coral,18.30426,-64.68911
coral,18.30375,-64.6962
coral,18.30756,-65.00223
coral,18.29977,-64.83283
coral,18.31603,-64.78619
coral,18.37426,-64.74136
coral,18.32807,-64.65244
coral,18.34542,-64.68336
coral,18.34361,-64.68429
coral,18.23542,-64.85438
coral,18.2577,-65.10282
coral,18.28923,-64.80151
coral,18.27758,-64.88509
coral,18.36398,-64.7299
coral,18.3195,-64.93899
coral,18.26136,-65.09861
coral,20.753472,-96.983972
coral,18.35115,-64.64793
coral,18.3073,-64.89487
coral,18.33858,-64.69038
coral,18.34418,-64.81911
coral,18.32717,-64.65291
coral,18.36403,-64.7739
coral,18.33714,-64.79917
coral,18.33748,-64.66152
coral,18.35295,-64.69999
coral,18.30092,-64.70894
coral,18.31868,-64.74364
coral,18.33944,-64.79399
coral,18.27704,-64.84772
coral,18.30732,-64.84663
coral,18.36876,-64.93717
coral,18.36664,-64.68546
coral,18.38053,-64.97846
coral,18.34893,-64.69522
coral,18.35714,-64.78613
coral,18.35535,-64.68488
coral,18.28303,-64.68938
coral,18.36115,-64.79137
coral,18.31413,-64.84339
coral,24.578896,-81.49292
coral,18.3694,-64.5353
coral,12.033449,-68.961165
coral,20.83077,-86.728759
coral,12.17859,-68.852741
coral,12.143114,-68.802796
coral,12.026302,-68.867511
coral,18.515944,-94.781889
coral,18.551417,-94.872278
coral,18.509944,-94.781528
coral,18.54425,-94.826417
coral,18.229872,-65.27829
coral,18.7006,-68.417
coral,18.6719,-68.3624
coral,18.711,-68.4277
coral,18.264938,-65.356726
coral,19.100587,-96.038703
coral,21.547367,-97.283636
coral,21.541039,-97.282733
coral,19.519564,-87.24115
coral,21.509636,-97.254508
coral,18.4627,-67.1917
coral,25.140576,-80.273755
coral,12.169673,-68.827771
coral,12.015565,-68.956922
coral,18.4835,-66.0498
coral,21.463972,-97.227111
coral,9.382898,-82.00032
coral,18.350794,-87.802704
coral,19.308102,-96.031576
coral,19.357519,-96.060338
coral,16.922759,-88.197802
coral,16.949558,-88.127695
coral,16.528759,-88.038677
coral,19.37853,-96.182695
coral,17.144814,-61.623294
coral,17.058412,-61.660226
coral,14.41821,-60.91307
coral,11.346961,-60.757731
coral,20.861208,-86.879513
coral,18.281574,-87.896074
coral,18.331233,-64.971864
coral,18.480497,-87.372123
coral,19.138337,-96.032409
coral,19.168697,-96.013216
coral,19.211654,-96.116726
coral,19.380666,-96.183894
coral,19.119574,-95.984807
coral,19.160518,-95.808644
coral,18.455739,-87.319435
coral,10.84,-60.93
coral,21.1407,-86.7213
coral,18.508115,-64.548641
coral,17.406111,-61.868611
coral,19.300157,-96.17381
coral,20.314569,-87.022267
coral,12.148472,-65.994111
coral,11.44112,-68.82922
coral,19.97201,-75.13951
coral,19.199583,-96.069444
coral,19.170556,-95.870556
coral,19.266667,-95.938611
coral,21.1618,-86.741566
coral,14.086389,-61.279722
coral,19.180556,-96.095278
coral,14.043333,-61.226389
coral,14.112778,-61.284444
coral,20.91074,-86.83525
coral,20.874791,-86.851722
coral,18.278457,-87.82033
coral,17.2472,-63.4499
coral,16.8025,-88.0817
coral,19.108021,-95.931244
coral,19.205093,-96.073339
coral,19.088596,-95.996597
coral,19.180802,-96.092905
coral,19.202343,-96.071306
coral,19.11641,-95.943588
coral,19.087982,-96.001714
coral,19.208586,-96.068164
coral,19.177954,-96.089202
coral,19.111643,-95.935639
coral,19.108916,-95.948128
coral,19.173,-96.090515
coral,19.117016,-95.939552
coral,19.099894,-95.942108
coral,19.086073,-95.994643
coral,19.085669,-95.999545
coral,19.20243,-96.071637
coral,19.205157,-96.072815
coral,19.141722,-95.810389
coral,21.1498,-86.744916
coral,19.16289,-95.85372
coral,19.20098,-96.06134
coral,19.20071,-96.07046
coral,19.2302,-96.09389
coral,19.06234,-95.92
coral,19.07921,-95.83779
coral,19.06598,-95.93401
coral,19.10179,-95.94304
coral,19.14174,-95.83626
coral,18.06899,-67.960334
coral,18.056677,-67.903826
coral,26.162451,-80.090538
coral,26.178289,-80.089012
coral,26.01255,-80.102493
coral,24.66868,-82.809517
coral,24.63526,-82.922302
coral,24.688881,-82.905563
coral,24.63586,-82.920319
coral,24.668079,-82.887062
coral,24.6658,-82.873466
coral,25.11875,-80.301498
coral,25.034967,-80.348152
coral,21.1992,-86.7273
coral,25.044933,-80.369865
coral,25.013283,-80.413597
coral,24.98605,-80.415115
coral,25.208883,-80.218903
coral,21.03115,-86.779433
coral,25.1408,-80.259315
coral,25.136316,-80.289619
coral,21.14015,-86.74145
coral,12.31568,-82.9804
coral,24.480017,-81.714584
coral,25.388866,-80.164566
coral,24.546074,-81.405151
coral,12.18392,-83.034401
coral,12.29837,-82.974403
coral,24.452066,-81.876953
coral,24.475683,-81.887413
coral,12.29153,-82.969398
coral,12.19013,-83.047997
coral,24.625584,-81.111313
coral,12.2946,-82.972504
coral,12.29546,-82.969398
coral,25.484983,-80.149147
coral,24.513866,-81.559647
coral,24.452868,-81.875183
coral,12.03012,-83.033501
coral,12.18628,-83.068398
coral,24.5646,-81.393082
coral,12.18857,-83.034698
coral,12.17695,-83.082199
coral,24.723551,-80.859947
coral,24.765966,-80.754265
coral,14.68928,-60.91052
coral,18.338383,-65.264786
coral,18.3311,-65.248367
coral,18.292866,-65.236
coral,18.338083,-65.314964
coral,18.377733,-65.572502
coral,18.299067,-65.228485
coral,18.157133,-65.319397
coral,18.151417,-65.304749
coral,18.373934,-65.569786
coral,18.312466,-65.335449
coral,18.354666,-65.570419
coral,18.34215,-65.53302
coral,9.47465,-78.590469
coral,9.26785,-82.119965
coral,9.423317,-82.324165
coral,9.282516,-82.101219
coral,9.596,-78.779213
coral,9.457434,-78.731316
coral,9.5947,-78.772301
coral,9.272767,-82.065933
coral,9.297,-82.264
coral,9.574984,-78.870499
coral,9.26725,-82.119019
coral,9.287,-82.102783
coral,9.5165,-78.036499
coral,9.247033,-82.03257
coral,9.51865,-78.655716
coral,9.575283,-78.676132
coral,9.235666,-82.111053
coral,9.4922,-78.9627
coral,9.56205,-78.881264
coral,9.5436,-78.885551
coral,9.4768,-78.931297
coral,9.5158,-78.69735
coral,9.576016,-78.873184
coral,9.5436,-78.885536
coral,9.55365,-78.944366
coral,9.55455,-78.94545
coral,9.561816,-78.877731
coral,9.194166,-82.080002
coral,9.559533,-78.882187
coral,9.488684,-78.728081
coral,9.551833,-78.882233
coral,9.54065,-78.903198
coral,9.588017,-78.884453
coral,9.584,-78.879982
coral,9.271067,-82.051666
coral,9.5602,-78.870201
coral,21.862467,-81.324234
coral,21.544283,-82.430786
coral,21.576967,-81.681801
coral,21.543533,-82.449249
coral,21.960484,-81.46685
coral,21.891001,-81.417519
coral,21.833334,-81.247231
coral,21.562784,-82.317146
coral,21.902267,-81.425797
coral,21.580917,-81.635834
coral,22.09885,-81.519333
coral,21.969482,-81.479446
coral,21.912434,-81.430435
coral,21.8479,-81.285583
coral,21.51545,-82.09893
coral,21.586367,-81.957298
coral,21.804667,-81.197563
coral,22.108984,-81.483597
coral,21.595783,-81.92717
coral,22.021616,-81.515869
coral,21.560801,-82.304085
coral,21.784901,-81.180984
coral,21.551767,-82.338165
coral,21.885084,-81.397018
coral,21.536434,-82.371284
coral,21.481417,-82.702919
coral,21.451134,-82.782753
coral,21.525949,-82.374565
coral,21.548634,-82.29277
coral,21.617884,-83.194504
coral,22.036051,-81.514603
coral,22.095882,-81.517586
coral,21.73835,-81.096214
coral,21.862467,-81.330032
coral,21.570801,-81.967514
coral,21.455,-82.768982
coral,22.158766,-81.513168
coral,21.8536,-81.284431
coral,21.837933,-81.249565
coral,21.4835,-82.696503
coral,21.585649,-81.585899
coral,22.020884,-81.510353
coral,22.101467,-81.546684
coral,21.987867,-81.475632
coral,22.153999,-81.477654
coral,22.653334,-79.145279
coral,22.718334,-79.363052
coral,23.236666,-80.588608
coral,23.293055,-80.964996
coral,23.242222,-80.587776
coral,22.946667,-79.755836
coral,22.833611,-79.584999
coral,23.1,-80.126663
coral,22.893888,-79.679443
coral,22.720278,-79.363052
coral,23.210278,-80.474167
coral,23.151112,-80.212776
coral,22.654722,-79.144997
coral,22.176945,-77.652779
coral,22.024723,-77.602501
coral,22.626667,-78.693054
coral,22.4825,-78.12722
coral,22.540277,-78.349724
coral,21.843334,-77.465553
coral,23.288055,-80.900276
coral,22.693611,-78.902496
coral,22.424999,-78.040833
coral,22.5625,-78.443054
coral,22.563612,-78.444443
coral,20.901316,-79.103485
coral,21.079517,-79.467415
coral,20.6035,-78.182831
coral,20.584999,-78.109665
coral,20.899683,-79.091263
coral,21.217699,-79.558151
coral,20.811966,-78.847954
coral,21.07115,-79.409164
coral,20.772367,-78.902435
coral,21.677134,-79.971634
coral,20.846001,-79.019485
coral,20.6061,-78.280998
coral,20.833683,-78.991066
coral,20.968517,-79.199135
coral,21.666683,-79.944298
coral,21.713066,-79.994331
coral,21.067783,-79.430214
coral,21.454317,-79.645882
coral,20.966749,-79.207664
coral,21.656967,-79.928131
coral,21.653334,-79.92775
coral,21.084616,-79.287949
coral,21.089817,-79.290001
coral,20.644234,-78.680397
coral,20.966,-79.198868
coral,20.840216,-79.000603
coral,20.568832,-78.200836
coral,21.691401,-79.974998
coral,20.771233,-78.885864
coral,20.798401,-78.956764
coral,20.898216,-79.095284
coral,20.644167,-78.657684
coral,20.685083,-78.7575
coral,21.064466,-79.422287
coral,20.848,-79.030014
coral,21.067316,-79.410515
coral,20.970116,-79.218864
coral,21.714216,-79.999519
coral,18.315767,-64.762947
coral,19.679867,-79.887482
coral,19.680733,-79.88282
coral,19.682217,-79.869781
coral,19.754351,-79.7304
coral,19.720249,-79.828331
coral,17.672684,-88.018913
coral,18.519634,-87.320534
coral,16.740784,-87.882385
coral,18.753532,-87.333969
coral,18.408817,-87.410469
coral,17.570784,-87.740898
coral,18.457966,-87.426613
coral,17.342899,-87.951881
coral,16.528667,-87.980034
coral,16.914351,-87.699867
coral,17.385883,-87.935013
coral,17.35215,-88.038086
coral,18.770166,-87.313454
coral,18.767,-87.330765
coral,18.666082,-64.231499
coral,18.510616,-87.316513
coral,18.41535,-87.415215
coral,16.741333,-87.884048
coral,18.566816,-87.287849
coral,18.508333,-64.337502
coral,18.564016,-64.23867
coral,17.355267,-87.953697
coral,17.59425,-87.746132
coral,16.7365,-87.810204
coral,18.557983,-87.29837
coral,17.59375,-87.744049
coral,16.909634,-87.800682
coral,18.752733,-64.409935
coral,17.15505,-87.908035
coral,16.72345,-88.074135
coral,16.722633,-88.07225
coral,16.9198,-88.049515
coral,16.915667,-87.696831
coral,18.74935,-64.32077
coral,17.275984,-88.043335
coral,16.526382,-87.97393
coral,17.35215,-88.028564
coral,17.548384,-87.822769
coral,16.910084,-87.80188
coral,16.813,-88.078003
coral,18.662367,-87.2342
coral,16.7269,-87.887115
coral,18.52405,-77.879517
coral,18.31255,-78.354134
coral,18.073833,-76.287369
coral,18.414867,-77.101433
coral,18.424801,-77.032013
coral,18.465834,-78.126945
coral,18.473101,-77.414299
coral,18.463051,-77.358131
coral,18.457783,-78.012581
coral,18.1735,-78.164169
coral,18.479218,-77.45108
coral,18.288683,-78.366615
coral,18.528267,-77.81665
coral,18.423082,-77.029167
coral,18.5261,-77.857048
coral,18.191151,-76.456932
coral,18.4259,-78.251099
coral,18.468611,-78.122498
coral,18.467867,-77.388397
coral,18.318466,-76.8032
coral,18.234016,-76.605133
coral,18.470133,-77.321266
coral,18.374866,-76.874031
coral,18.409767,-76.983284
coral,18.449633,-77.207619
coral,18.492867,-77.526451
coral,20.402189,-87.302979
coral,20.40765,-87.299103
coral,18.239201,-87.82682
coral,20.399799,-87.305977
coral,20.396481,-87.30658
coral,18.324881,-87.815559
coral,18.22097,-87.872429
coral,18.235001,-87.832901
coral,18.233334,-87.833328
coral,17.889999,-87.959999
coral,16.66,-88.190002
coral,16.76,-88.139999
coral,16.780001,-88.080002
coral,17.92,-87.940002
coral,16.809999,-88.059998
coral,16.709999,-88.169998
coral,16.77,-88.160004
coral,19.397566,-81.360283
coral,19.291267,-81.146202
coral,19.343901,-81.077934
coral,19.292749,-81.105301
coral,19.317633,-81.07473
coral,19.357666,-81.13575
coral,19.380301,-81.29155
coral,12.633467,-61.349133
coral,19.693983,-80.068947
coral,19.333366,-81.076599
coral,19.656866,-80.0728
coral,19.830517,-80.022903
coral,19.358633,-81.246681
coral,19.677134,-80.026031
coral,19.684933,-80.078331
coral,19.197222,-96.068336
coral,18.210833,-87.82972
coral,19.197222,-96.068333
coral,18.219166,-87.831665
coral,18.317867,-64.99073
coral,21.809433,-84.513718
coral,18.228611,-87.830833
coral,19.173889,-96.092224
coral,19.173889,-96.093333
coral,17.225967,-87.601646
coral,21.440716,-71.1549
coral,21.43845,-71.110466
coral,19.833334,-87.443336
coral,26.3575,-76.97683
coral,21.299999,-71.599998
coral,21.4589,-71.113632
coral,26.397833,-76.988503
coral,26.59725,-76.976387
coral,26.532284,-76.950386
coral,26.577499,-76.959
coral,21.483267,-71.5177
coral,26.059834,-76.949501
coral,21.30335,-71.223137
coral,21.906349,-72.115265
coral,26.526766,-76.956947
coral,17.221001,-87.526497
coral,19.825001,-87.447777
coral,26.397783,-76.988464
coral,26.603333,-76.98317
coral,26.540333,-76.946167
coral,21.818001,-72.183502
coral,21.458216,-71.155014
coral,20.105833,-87.459442
coral,21.46715,-71.552086
coral,21.022816,-70.818466
coral,21.479233,-71.153519
coral,21.808634,-72.2257
coral,17.250584,-87.528214
coral,21.37265,-71.599152
coral,26.63715,-77.038498
coral,19.975,-87.452774
coral,21.814016,-72.186981
coral,19.958334,-87.447777
coral,21.664833,-72.470184
coral,21.537001,-71.109215
coral,26.3535,-76.977997
coral,19.841667,-87.4375
coral,21.388083,-72.143951
coral,19.966667,-87.451668
coral,17.218334,-87.609749
coral,17.221849,-87.608047
coral,17.224016,-87.606796
coral,20.0975,-87.463058
coral,19.145834,-87.53611
coral,19.137501,-87.536942
coral,17.156784,-87.594353
coral,11.881133,-66.723
coral,11.954284,-66.622665
coral,11.882234,-66.689034
coral,11.778517,-66.580452
coral,11.766367,-66.705765
coral,11.910633,-66.592453
coral,11.800233,-66.884186
coral,11.792334,-66.895233
coral,9.738334,-82.805
coral,11.930083,-66.74382
coral,17.768633,-64.691498
coral,17.171867,-87.59272
coral,17.138416,-87.59893
coral,17.995667,-63.060001
coral,17.628166,-63.259499
coral,17.649666,-63.228001
coral,17.615,-63.224998
coral,17.630833,-63.215
coral,17.643333,-63.253166
coral,18.010666,-63.007999
coral,17.629333,-63.258835
coral,17.616333,-63.258499
coral,18.329683,-64.951614
coral,18.373684,-64.989517
coral,24.17,-74.480003
coral,24.16,-74.459999
coral,24.15,-74.470001
coral,23.950001,-74.540001
coral,24.16,-74.480003
coral,23.950001,-74.550003
coral,24.139999,-74.449997
coral,24.040001,-74.540001
coral,24.139999,-74.459999
coral,24.030001,-74.540001
coral,24.01,-74.529999
coral,9.39224,-76.200455
coral,24.439501,-77.698067
coral,24.343149,-77.670677
coral,24.72917,-77.770172
coral,24.3013,-77.647881
coral,24.483999,-77.698997
coral,24.367029,-77.68235
coral,24.097931,-77.537033
coral,24.5448,-77.683723
coral,24.29167,-77.646202
coral,24.253151,-77.629173
coral,24.844931,-77.860977
coral,24.3069,-77.65638
coral,24.595831,-77.693329
coral,24.774349,-77.807716
coral,25.063669,-77.937828
coral,24.84383,-77.85733
coral,24.54022,-77.682068
coral,12.016666,-68.749947
coral,23.947599,-77.38665
coral,24.09972,-77.533348
coral,24.50643,-77.696968
coral,12.192267,-81.840833
coral,21.2,-86.733333
coral,25.166667,-80.25
coral,23.783333,-76.133333
coral,24.630671,-77.691002
coral,24.6259,-77.693176
coral,23.778219,-77.419022
coral,23.79092,-77.426369
coral,25.160101,-78.002899
coral,24.69953,-77.743431
coral,25.313219,-78.085571
coral,23.709669,-77.38237
coral,25.223921,-78.034332
coral,23.766667,-76.1
coral,24.84425,-77.8563
coral,23.696501,-77.376999
coral,24.633333,-81.416667
coral,24.74518,-77.778633
coral,25.313166,-78.085831
coral,25.383333,-80.116667
coral,24.842171,-77.858597
coral,24.844999,-77.861
coral,24.877501,-77.879097
coral,24.843834,-77.85733
coral,25.1026,-77.963867
coral,18.25,-87.716667
coral,18.25,-87.683333
coral,14.3072,-82.9533
coral,14.4217,-82.875
coral,18.5,-87.75
coral,18.218105,-64.665577
coral,18.226722,-64.696077
coral,25.666667,-80.2
coral,18.484405,-77.646826
coral,18.473995,-77.450699
coral,18.186157,-76.440285
coral,20.816667,-86.866667
coral,9.37,-82.18
coral,18.366667,-64.933333
coral,24.633333,-82.916667
coral,18.675,-87.680833
coral,20.436944,-87.032778
coral,20.272778,-87.013056
coral,26.782021,-77.075526
coral,19.223333,-96.096944
coral,22.5322,-74.7258
coral,12.398965,-81.46578
coral,12.508333,-81.680556
coral,24.6,-76.02
coral,16.77,-88.05
coral,12.59189,-81.69728
coral,17.7633,-64.6067
coral,17.9667,-66.7578
coral,18.1383,-67.2433
coral,16.8,-88.08
coral,16.8283,-88.0758
coral,25.02,-80.37
coral,8.06817,-76.744408
coral,9.5667,-78.95
coral,17.625,-62.8
coral,24.33,-77.68
coral,9.4,-79.87
coral,18.3175,-64.9142
coral,22.5,-84.33
coral,25.05833,-77.95861
coral,18.305,-65.3014
coral,17.4167,-83.9167
coral,24.67,-81.58
coral,10.501238,-64.175583
coral,24.527135,-81.793213
coral,24.643629,-82.877037
coral,7.4,-78.583333
coral,18.184723,-76.418053
coral,18.083332,-67.883331
coral,20.577778,-87.120834
coral,9.616667,-82.616669
coral,9.319792,-82.11039
coral,13.05,-59.533333
coral,12.2,-69.083336
coral,20.839167,-86.876944
coral,20.777,-78.915
coral,20.9,-79.1
coral,17.066668,-61.666668
coral,12.233333,-69.01667
coral,24.601944,-79.178055
coral,24.646389,-79.111664
coral,27.888803,-82.480119
coral,9.76,-75.87
coral,9.395412,-82.273262
coral,10.016667,-83.066666
coral,16.799999,-87.783333
coral,20.316667,-87.023611
coral,28.072376,-82.835483
coral,9.71,-75.85
coral,18.47,-77.4
coral,12.6,-81.71
coral,9.417199,-82.275764
coral,13.066667,-59.549999
coral,12.566667,-81.716667
coral,26.254168,-80.064445
coral,9.81,-75.86
coral,10.02,-83.07
coral,9.420706,-82.321159
coral,20.566668,-87.116669
coral,25.133333,-80.383331
coral,10,-83.033333
coral,19.65,-80.099998
coral,17,-88
coral,10.18,-75.73
coral,24.6019,-79.1781
coral,10,-83.03
coral,24.6464,-79.1117
coral,10.17,-75.76
coral,11.783333,-66.566667
coral,21.453889,-86.789722
coral,17.799999,-64.599998
coral,12.366667,-69.099998
coral,27.913334,-93.598892
coral,24.667221,-81.583054
coral,19.775,-87.468889
coral,20.928889,-86.845556
coral,9.388005,-82.266678
coral,19.366667,-81.400002
coral,17.03,-61.68
coral,9.453123,-82.299126
coral,9.427168,-82.324409
coral,9.8,-75.82
coral,21.47,-97.225
coral,9.335,-82.253998
coral,24.933332,-80.583336
coral,17.75,-64.699997
coral,18.483334,-73.199997
coral,21.016666,-73.716667
coral,10.283333,-64.766667
coral,19.941667,-87.442222
coral,11.796,-66.894
coral,9.375742,-82.239655
coral,13.066667,-59.583332
coral,24.049999,-74.533333
coral,19.283333,-81.150002
coral,19.366667,-81.416664
coral,9.583333,-78.666667
coral,10.17,-75.77
coral,20.846,-79.005
coral,10,-83.066666
coral,18.5,-77.333336
coral,19.447116,-87.443933
coral,8.6,-77.29
coral,18.4833,-73.2
coral,11.947,-66.664
coral,12.444444,-61.468334
coral,24.666668,-81.566666
coral,21.041667,-86.741667
coral,17.950001,-67.033333
coral,9.350744,-82.167793
coral,22.116667,-91.383333
coral,11.824,-66.948
coral,17.872223,-76.283333
coral,11.85,-64.62
coral,17.783333,-64.599998
coral,20.316667,-86.916667
coral,20.008333,-87.461944
coral,24.550433,-81.769697
coral,19.266666,-81.383331
coral,9.415285,-82.274391
coral,21.497222,-86.825
coral,9.77,-75.86
coral,10,-83.07
coral,16.883333,-88.050003
coral,19.866667,-73.26667
coral,9.416667,-82.316666
coral,19.383333,-81.400002
coral,19.925,-87.444444
coral,9.81,-75.83
coral,11.85,-64.616669
coral,20.5778,-87.1208
coral,20.727222,-86.969444
coral,9.418388,-82.301071
coral,24.435833,-81.872223
coral,24.55,-81.77
coral,9.413159,-82.27182
coral,9.147111,-81.942505
coral,9.42,-82.32
coral,21.633333,-72.466667
coral,18.116667,-87.816666
coral,9.396272,-82.273979
coral,10.9,-65.416667
coral,19.1,-95.943333
coral,20.831,-78.978
coral,9.43,-82.3
coral,9.4,-79.849998
coral,18.08,-67.88
coral,9.433333,-82.300003
coral,19.1,-91.383333
coral,9.428377,-82.277603
coral,13.35,-81.366669
coral,12,-67.416667
coral,20.315278,-87.040278
coral,19.299999,-81.066666
coral,18.466667,-77.400002
coral,16.816668,-88.099998
coral,18.634444,-87.348056
coral,19.875,-87.432778
coral,9.58,-78.669998
coral,9.150366,-81.939575
coral,13.066667,-59.566666
coral,18.687222,-87.686111
coral,11.819,-66.931
coral,18.186111,-76.434723
coral,10,-83.050003
coral,13.1,-59.433334
coral,19.266666,-81.366669
coral,19.841667,-87.447778
coral,20.863,-79.055
coral,20.433333,-87.011111
coral,9.416691,-82.275787
coral,18.1861,-76.4347
coral,17.8722,-76.28
coral,18,-63
coral,9.409666,-82.30603
coral,19.35,-81.366669
coral,20.832,-78.983
coral,18,-87.900002
coral,18.1847,-76.4181
coral,9.421552,-82.300781
coral,15.883333,-61.216667
coral,19.35,-81.083336
coral,19.383333,-81.383331
coral,25.223888,-80.216393
coral,9.338,-82.24
coral,20.316667,-86.911111
coral,16.283333,-61.083332
coral,21.140833,-86.734722
coral,9.408894,-82.306496
coral,27.883333,-82.48333
coral,9.427138,-82.277458
coral,17.316668,-87.783333
coral,17.200001,-87.533333
coral,26.049999,-80.099998
coral,24.983334,-77.933334
coral,24.933332,-80.599998
coral,10,-83.05
coral,20.772,-78.902
coral,18.086567,-65.200751
coral,20.392515,-74.176005
coral,14.87236,-61.18751
coral,21.195645,-97.295348
coral,25.22062,-80.015348
coral,18.212452,-69.022817
coral,18.287281,-69.184928
coral,18.360054,-69.09245
coral,19.845152,-71.236804
coral,18.229671,-69.143634
coral,19.362445,-69.408959
coral,18.238524,-67.368806
coral,20.218055,-87.266512
coral,17.550103,-62.987182
coral,12.027642,-68.299466
coral,12.377489,-68.308969
coral,20.858877,-86.84476
coral,17.3156,-87.5345
coral,17.9559,-87.9165
coral,17.9684,-87.92
coral,17.2047,-87.5436
coral,17.5023,-87.8593
coral,17.2263,-87.594
coral,24.846638,-80.848338
coral,21.084099,-97.181487
coral,20.301015,-87.234728
coral,20.389055,-87.299033
coral,16.41142,-61.54841
coral,12.092884,-68.303534
coral,15.87369,-79.76994
coral,14.77963,-60.90965
coral,19.886686,-71.333848
coral,21.01787,-97.074315
coral,14.39264,-80.18797
coral,14.28983,-80.36983
coral,14.36083,-80.22832
coral,14.39824,-80.13593
coral,14.399,-80.23946
coral,14.45737,-80.23946
coral,14.37482,-80.28733
coral,14.5666,-80.23627
coral,14.41114,-80.19104
coral,14.35841,-80.37193
coral,14.35401,-80.21918
coral,14.46479,-80.23952
coral,14.3648,-80.27538
coral,14.38544,-80.13081
coral,14.31107,-80.36544
coral,18.743993,-87.643416
coral,18.969715,-87.606349
coral,18.418017,-87.614703
coral,25.1241,-80.2967
coral,16.22857,-61.26913
coral,18.333978,-87.637608
coral,20.845797,-86.827185
coral,17.1434,-87.9044
coral,20.763417,-96.987972
coral,20.760722,-96.986222
coral,21.540389,-97.275194
coral,20.760417,-96.984194
coral,18.304072,-87.969197
coral,20.758722,-96.989028
coral,20.760611,-96.98875
coral,20.760611,-96.989028
coral,20.769611,-96.996472
coral,20.767,-96.992555
coral,20.769028,-96.993611
coral,21.473194,-97.224833
coral,20.766806,-96.995528
coral,20.76725,-96.99275
coral,20.755778,-96.988861
coral,20.758361,-96.990444
coral,20.758056,-96.986444
coral,20.759056,-96.98925
coral,20.763833,-96.990861
coral,20.767,-96.995778
coral,20.769194,-96.99625
coral,20.753083,-96.986528
coral,20.763306,-96.9935
coral,20.760028,-96.990028
coral,21.474583,-97.229755
coral,20.757361,-96.988944
coral,20.758167,-96.985417
coral,20.767333,-96.990083
coral,16.759044,-88.061606
coral,16.758199,-88.040276
coral,20.762528,-96.993639
coral,20.769611,-96.995111
coral,20.752889,-96.986417
coral,20.756306,-96.986972
coral,25.126465,-80.28757
coral,19.337902,-96.08369
coral,20.76585,-96.990194
coral,18.362988,-65.215221
coral,20.5769,-86.9031
coral,21.47155,-97.230683
coral,21.473925,-97.229719
coral,21.544231,-97.284205
coral,21.477589,-97.229005
coral,21.465203,-97.229108
coral,21.515358,-97.255155
coral,21.481167,-97.228694
coral,21.474,-97.228722
coral,19.059632,-95.921089
coral,10.64185,-66.29939
coral,10.65126,-66.23356
coral,13.3284,-81.4066
coral,18.23537,-87.83315
coral,11.339924,-60.779579
coral,20.918326,-86.818726
coral,12.333611,-61.992222
coral,12.136667,-61.786944
coral,13.933611,-61.305833
coral,12.201111,-61.789167
coral,12.1125,-61.810556
coral,12.289444,-61.958056
coral,12.161944,-61.833333
coral,17.347669,-62.869478
coral,13.2525,-61.317778
coral,12.108889,-61.869167
coral,15.490833,-61.5975
coral,14.51015,-61.09773
coral,10.81982,-68.24769
coral,10.39569,-64.36745
coral,10.85171,-68.23634
coral,18.325349,-87.326057
coral,20.874658,-86.851258
coral,20.890005,-86.843144
coral,21.0917,-86.6832
coral,20.352436,-87.025739
coral,20.317711,-87.020556
coral,20.351611,-87.025453
coral,20.431436,-87.009903
coral,20.353992,-87.0274
coral,20.363292,-87.026783
coral,20.356381,-87.027925
coral,20.370878,-87.027417
coral,20.3691,-87.027025
coral,10.83328,-68.236661
coral,10.38036,-64.39507
coral,18.470289,-87.273781
coral,11.297222,-60.479094
coral,14.69162,-61.18901
coral,14.41901,-61.00578
coral,19.183833,-96.082361
coral,19.050278,-94.804167
coral,19.174917,-96.094167
coral,19.231389,-96.126944
coral,20.320053,-87.021
coral,20.365356,-87.027364
coral,20.357075,-87.026436
coral,20.364664,-87.0261
coral,20.364236,-87.027508
coral,20.362708,-87.026739
coral,20.355772,-87.027078
coral,20.350256,-87.026383
coral,20.435972,-87.005675
coral,19.225222,-96.058305
coral,19.087194,-96.003555
coral,19.076944,-95.954167
coral,19.085,-95.999167
coral,18.667922,-87.397016
coral,13.81,-61.079
coral,11.548333,-60.597222
coral,20.316936,-87.023011
coral,20.325706,-87.022056
coral,20.319972,-87.023311
coral,20.356575,-87.0268
coral,20.426494,-87.011761
coral,15.368889,-61.469444
coral,15.2925,-61.424167
coral,20.350147,-87.025742
coral,20.324486,-87.022292
coral,20.366625,-87.026917
coral,20.323611,-87.022794
coral,20.367872,-87.027206
coral,15.427778,-61.484722
coral,20.321328,-87.021814
coral,20.351358,-87.025308
coral,12.023756,-61.785364
coral,18.687655,-87.710681
coral,18.634342,-87.72007
coral,20.823769,-86.877528
coral,18.421072,-87.756999
coral,20.843527,-86.873677
coral,17.48,-63.2217
coral,17.5629,-63.2983
coral,17.2347,-63.4499
coral,20.322439,-87.023553
coral,20.325028,-87.027194
coral,19.088924,-95.996422
coral,20.348778,-87.0285
coral,20.420611,-87.017472
coral,20.434833,-87.006103
coral,20.323325,-87.021161
coral,20.352642,-87.026881
coral,19.204956,-96.073769
coral,19.209063,-96.068127
coral,19.090849,-95.999667
coral,19.181606,-96.094022
coral,19.091189,-95.999283
coral,20.373889,-87.028944
coral,19.203089,-96.062037
coral,20.370803,-87.026975
coral,20.365242,-87.026769
coral,20.365442,-87.024969
coral,20.367142,-87.027375
coral,19.174303,-96.088401
coral,19.178807,-96.095762
coral,19.178119,-96.095613
coral,19.099222,-95.941583
coral,20.353158,-87.026403
coral,20.325769,-87.021972
coral,20.324525,-87.025119
coral,20.3163,-87.022206
coral,20.352139,-87.025711
coral,20.371658,-87.027239
coral,20.433983,-87.008181
coral,20.426369,-87.011461
coral,20.355944,-87.026919
coral,20.435322,-87.005531
coral,20.32845,-87.021856
coral,20.358719,-87.026386
coral,20.438253,-87.004239
coral,20.365272,-87.027783
coral,20.367519,-87.027592
coral,20.965,-86.453
coral,20.96536,-86.81515
coral,19.19231,-96.08701
coral,19.15491,-95.86164
coral,19.22409,-96.0574
coral,19.1441,-95.80505
coral,19.2323,-96.11966
coral,19.14429,-95.8114
coral,19.10743,-95.92873
coral,19.14307,-95.83412
coral,20.323867,-87.022403
coral,20.351956,-87.025731
coral,20.371147,-87.026844
coral,20.354353,-87.026653
coral,20.320525,-87.022056
coral,20.316247,-87.020322
coral,20.369222,-87.027642
coral,20.434436,-87.006614
coral,20.350267,-87.026183
coral,20.328625,-87.023081
coral,20.355878,-87.027353
coral,20.366856,-87.02715
coral,20.32705,-87.021656
coral,20.315969,-87.021672
coral,20.425331,-87.011931
coral,20.354081,-87.026878
coral,20.325556,-87.023167
coral,20.353017,-87.025992
coral,20.366664,-87.02465
coral,20.3218,-87.0218
coral,20.318836,-87.021272
coral,20.356078,-87.027217
coral,20.323822,-87.025189
coral,20.353175,-87.026572
coral,20.367897,-87.027806
coral,20.369625,-87.027825
coral,20.474653,-86.985625
coral,20.357122,-87.026686
coral,20.327822,-87.022786
coral,20.365242,-87.026325
coral,20.316958,-87.022858
coral,26.10158,-80.096291
coral,26.157021,-80.089256
coral,26.15147,-80.089821
coral,26.008551,-80.10199
coral,24.62866,-82.897049
coral,24.609131,-82.951782
coral,24.72629,-82.795357
coral,24.63546,-82.923126
coral,24.612909,-82.942848
coral,24.634001,-82.914108
coral,24.69549,-82.771332
coral,24.63043,-82.949783
coral,24.62063,-82.920273
coral,24.64287,-82.930977
coral,25.235867,-80.259201
coral,25.199167,-80.223297
coral,24.931669,-80.548332
coral,24.939884,-80.476967
coral,25.035366,-80.3638
coral,24.9499,-80.501419
coral,25.018984,-80.36702
coral,12.20137,-83.055496
coral,25.464184,-80.168434
coral,24.61655,-81.391098
coral,12.30912,-82.987801
coral,24.58535,-81.581001
coral,24.561199,-81.345802
coral,24.551933,-81.701599
coral,12.20137,-83.073097
coral,24.551451,-81.587997
coral,24.605167,-81.193604
coral,24.499384,-81.702316
coral,24.837534,-80.728416
coral,24.904484,-80.616585
coral,24.693367,-81.020287
coral,25.369766,-80.139336
coral,25.590267,-80.096664
coral,24.685583,-80.964432
coral,18.36035,-65.533653
coral,18.315001,-65.232285
coral,18.32865,-65.332535
coral,18.296383,-65.326836
coral,18.3365,-65.566597
coral,9.506467,-79.021187
coral,9.52455,-78.654236
coral,9.551017,-78.946266
coral,9.569384,-78.872887
coral,9.56505,-78.8452
coral,9.504283,-79.02993
coral,9.545767,-78.977852
coral,9.51165,-78.797134
coral,9.59875,-78.77668
coral,9.488517,-78.878166
coral,9.220317,-82.100616
coral,9.495216,-78.71582
coral,9.5388,-78.912483
coral,9.564583,-78.840752
coral,9.54485,-78.902664
coral,9.560884,-78.865181
coral,9.54525,-78.90638
coral,9.235,-82.113853
coral,9.594666,-78.675102
coral,9.482766,-78.816254
coral,9.5037,-79.036232
coral,9.251233,-82.132446
coral,9.50935,-79.018753
coral,21.538834,-82.4217
coral,21.5488,-82.330215
coral,21.569183,-81.63707
coral,22.036016,-81.506615
coral,22.085667,-81.570183
coral,21.796566,-81.171997
coral,21.916283,-81.428383
coral,21.904284,-81.416687
coral,21.477333,-82.702797
coral,21.559151,-82.313713
coral,21.579782,-81.5886
coral,21.808733,-81.194946
coral,21.963516,-81.462486
coral,21.611851,-81.297783
coral,21.5734,-81.673515
coral,22.116266,-81.496719
coral,21.541466,-82.443649
coral,21.614084,-83.195984
coral,22.146883,-81.500603
coral,21.448633,-82.778633
coral,23.2925,-80.901947
coral,23.219999,-80.475555
coral,23.155277,-80.212219
coral,22.915001,-79.701385
coral,23.101389,-80.126663
coral,22.836945,-79.586388
coral,22.949167,-79.754997
coral,23.299723,-80.959442
coral,22.026388,-77.600555
coral,21.93111,-77.537781
coral,21.845833,-77.46389
coral,22.541111,-78.336945
coral,22.177778,-77.650833
coral,9.696555,-75.906502
coral,9.659639,-75.866028
coral,20.763,-78.855164
coral,21.66865,-79.949669
coral,20.6728,-78.752014
coral,21.07575,-79.467735
coral,21.21895,-79.567314
coral,21.299433,-79.58503
coral,20.909782,-79.118767
coral,20.635599,-78.70298
coral,20.6105,-78.25
coral,20.586967,-78.465332
coral,20.626833,-78.596634
coral,12.318583,-69.165001
coral,12.375361,-69.158279
coral,18.314217,-64.721863
coral,19.698917,-79.875648
coral,19.687851,-79.894081
coral,19.758183,-79.740952
coral,18.3445,-64.985947
coral,19.747183,-79.723602
coral,18.409817,-87.432281
coral,17.385834,-87.93898
coral,17.673134,-88.011948
coral,18.605,-87.248268
coral,18.5259,-87.434303
coral,16.711216,-87.847054
coral,18.419317,-77.118202
coral,18.459084,-78.075348
coral,18.512501,-77.641945
coral,18.472767,-77.274734
coral,18.414249,-78.27095
coral,18.328632,-64.92717
coral,18.520683,-77.744881
coral,18.464167,-78.131882
coral,18.415066,-77.005486
coral,18.342051,-78.355782
coral,18.354383,-76.846947
coral,18.496367,-77.631752
coral,18.411217,-76.948853
coral,18.300783,-78.361198
coral,18.1724,-76.374535
coral,18.269634,-76.689796
coral,18.274534,-76.708687
coral,18.41905,-77.078468
coral,18.494984,-77.561119
coral,18.492701,-77.595131
coral,18.482733,-77.49855
coral,18.317551,-64.764633
coral,12.165,-68.330002
coral,12.2005,-68.308327
coral,12.258333,-68.427498
coral,12.165833,-68.326668
coral,18.2575,-87.819031
coral,18.28087,-87.817001
coral,20.391666,-87.276665
coral,20.392229,-87.309349
coral,12.630016,-61.351116
coral,19.707834,-80.008247
coral,12.635716,-61.348717
coral,19.678167,-80.092918
coral,19.709183,-80.008118
coral,19.6938,-79.974319
coral,18.723333,-87.598892
coral,19.657017,-80.088684
coral,19.365284,-81.395432
coral,19.691833,-80.068832
coral,19.661699,-80.112137
coral,19.385433,-81.416534
coral,19.66925,-80.043251
coral,12.635716,-61.348461
coral,19.7166,-79.982018
coral,19.666384,-80.106499
coral,19.714117,-79.957832
coral,19.700951,-80.057014
coral,19.694349,-80.069687
coral,18.31385,-64.726601
coral,21.645651,-72.474548
coral,18.474617,-64.582352
coral,18.314167,-64.764084
coral,20.985983,-70.78347
coral,21.484533,-71.510483
coral,21.373466,-71.201302
coral,21.883333,-72.116669
coral,21.546034,-71.455803
coral,21.489283,-72.224266
coral,21.3943,-71.168137
coral,26.639999,-77.03933
coral,20.114166,-87.45639
coral,21.830151,-72.173248
coral,21.518984,-71.133949
coral,17.225967,-87.605003
coral,18.913334,-87.6175
coral,11.74215,-66.857719
coral,18.318233,-64.723167
coral,19.154167,-87.533333
coral,11.735566,-66.847633
coral,11.7929,-66.894447
coral,17.787117,-64.755501
coral,9.725,-82.805336
coral,17.18755,-87.589516
coral,27.905333,-93.591499
coral,18.309532,-64.721703
coral,27.921667,-93.808998
coral,18.317883,-64.763466
coral,17.461666,-62.977665
coral,17.464333,-62.985001
coral,17.487833,-63.232334
coral,17.468,-62.991665
coral,17.462999,-63.222668
coral,17.4625,-62.977665
coral,17.624834,-63.259499
coral,17.464001,-62.982498
coral,17.464834,-62.966667
coral,17.464333,-62.987835
coral,17.464834,-62.986
coral,17.626667,-63.259666
coral,17.463333,-62.984665
coral,17.463499,-62.978168
coral,17.486834,-63.231667
coral,9.14711,-81.9425
coral,10.18071,-75.73839
coral,24.48333,-77.696503
coral,24.30122,-77.647881
coral,24.745001,-77.784668
coral,24.526331,-77.689217
coral,24.301121,-77.652946
coral,24.439251,-77.696167
coral,24.625999,-77.691002
coral,24.301121,-77.647797
coral,12.392611,-81.469306
coral,9.392239,-76.200453
coral,9.1462,-81.9436
coral,24.76782,-77.798698
coral,24.701469,-77.74015
coral,24.630667,-77.691002
coral,23.709669,-77.380997
coral,23.7803,-77.416801
coral,23.7285,-77.397346
coral,23.676666,-77.370331
coral,24.879271,-77.878372
coral,14.4036,-82.9528
coral,24.955667,-80.454333
coral,25.025,-80.425
coral,18.4785,-77.4656
coral,18.4764,-77.4761
coral,9.9844,-83.0611
coral,27.883333,-93.633333
coral,10.0158,-83.0661
coral,9.9881,-83.0642
coral,16.75,-87.75
coral,17.94,-67.0517
coral,16.7583,-87.8667
coral,25.461111,-80.196667
coral,19.380562,-81.397621
coral,27.916667,-93.816667
coral,9.55,-78.9833
coral,18.2958,-75.9025
coral,25,-80
coral,27.9583,-77.4583
coral,11.7167,-69.1583
coral,17.7347,-75.65
coral,19.8,-77.283333
coral,24.664722,-82.855556
coral,9.426303,-82.277885
coral,19.316668,-81.366669
coral,11.797,-66.884
coral,9.148744,-81.937698
coral,19.366667,-81.366669
coral,18.526863,-87.433274
coral,10.834,-68.261
coral,9.320139,-82.110115
coral,20.787,-78.943
coral,19.1,-95.941667
coral,19.493336,-87.420883
coral,19.431037,-87.452172
coral,21.533333,-77.25
coral,9.3,-82.099998
coral,9.142546,-81.944946
coral,27.916668,-82.449997
coral,9.4,-82.300003
coral,12.5,-81.699997
coral,9.37,-82.23
coral,20.433333,-87.008333
coral,9.139906,-81.94635
coral,24.75,-80.949997
coral,11.938,-66.654
coral,19.383333,-81.366669
coral,19.366667,-81.383331
coral,9.14452,-81.939812
coral,18.492305,-87.436214
coral,25.166668,-80.349998
coral,10.936389,-85.709167
coral,20.761,-78.847
coral,9.366667,-82.23333
coral,12.484722,-61.436668
coral,20.316667,-87.027778
coral,18.512727,-87.439435
coral,18.45043,-87.428395
coral,9.305733,-82.141243
coral,9.146201,-81.943604
coral,20.433333,-87.013889
coral,24.733334,-80.966667
coral,9.427496,-82.27758
coral,20.316667,-87.025
coral,25.183332,-80.349998
coral,24.816668,-80.800003
coral,19.100105,-95.941894
coral,9.413066,-82.303688
coral,26.088888,-80.102776
coral,9.4,-82.3
coral,27.922686,-82.456314
coral,9.349553,-82.167114
coral,9.3,-82.1
coral,25.111851,-80.3052
coral,16.23241,-61.83039
coral,13.33208,-81.395596
coral,24.8887,-80.549183
coral,26.189108,-80.091417
coral,20.394659,-87.057857
coral,25.354786,-80.189522
coral,18.365347,-69.024138
coral,9.287565,-82.094221
coral,18.218325,-70.560572
coral,20.34004,-87.024593
coral,20.276421,-87.376271
coral,20.587628,-86.944316
coral,18.218144,-70.562342
coral,20.406673,-87.297877
coral,12.199813,-68.308686
coral,21.080416,-97.259088
coral,16.32105,-61.54908
coral,21.453504,-86.794413
coral,18.699632,-87.707642
coral,20.407627,-87.297621
coral,18.515911,-87.745896
coral,18.475559,-87.751619
coral,20.50235,-87.219327
coral,19.148282,-96.04248
coral,16.09496,-86.927353
coral,19.7602,-70.4098
coral,20.763339,-96.987928
coral,21.540556,-97.275333
coral,20.764611,-96.9915
coral,21.50775,-97.250833
coral,20.765028,-96.993139
coral,18.175417,-94.524917
coral,18.542722,-94.817805
coral,18.175722,-94.524917
coral,18.175306,-94.525444
coral,18.17625,-94.525583
coral,18.175806,-94.525028
coral,18.176,-94.526139
coral,18.174611,-94.524
coral,19.102797,-95.930214
coral,18.176306,-94.52575
coral,18.175333,-94.524833
coral,18.543389,-94.818555
coral,18.515806,-94.786889
coral,18.175028,-94.524667
coral,18.175139,-94.52475
coral,18.175083,-94.524055
coral,18.175028,-94.52425
coral,18.17625,-94.526
coral,18.175444,-94.524139
coral,18.175556,-94.524305
coral,18.175611,-94.524139
coral,18.510194,-94.782111
coral,19.093518,-95.857275
coral,19.101134,-95.930214
coral,19.165661,-95.870519
coral,19.095481,-95.943292
coral,19.090347,-95.866184
coral,21.486158,-97.229028
coral,17.625358,-63.259859
coral,20.01573,-87.2774
coral,25.8215,-77.9317
coral,21.463889,-97.228361
coral,21.481717,-97.221305
coral,21.471972,-97.216361
coral,21.481139,-97.218639
coral,21.465333,-97.222694
coral,21.513889,-97.255555
coral,18.221199,-87.816811
coral,19.20099,-96.065263
coral,19.201081,-96.065223
coral,19.228053,-96.061267
coral,10.5805,-66.06164
coral,10.53449,-66.08839
coral,19.228702,-96.061964
coral,10.6524,-66.24744
coral,10.57733,-66.06961
coral,10.58022,-66.04982
coral,20.836811,-86.872943
coral,18.697737,-87.707355
coral,20.84476,-86.874161
coral,18.254459,-87.825651
coral,18.590992,-87.326994
coral,18.27891,-87.819901
coral,12.185255,-68.299986
coral,20.434486,-87.008864
coral,20.367278,-87.0271
coral,20.425811,-87.013508
coral,20.364694,-87.026714
coral,20.429592,-87.011817
coral,20.369467,-87.027044
coral,20.370911,-87.026869
coral,20.430161,-87.011603
coral,20.425853,-87.013975
coral,20.354042,-87.026742
coral,20.437239,-87.005547
coral,20.434886,-87.008928
coral,20.352647,-87.026342
coral,20.367725,-87.027219
coral,20.431767,-87.009764
coral,19.191389,-96.121944
coral,20.431372,-87.008075
coral,20.364144,-87.026817
coral,20.371872,-87.027281
coral,20.352397,-87.026197
coral,20.428994,-87.010044
coral,20.370067,-87.028764
coral,20.36535,-87.02515
coral,20.436514,-87.005672
coral,20.363061,-87.026703
coral,20.435244,-87.005222
coral,17.5649,-63.2994
coral,9.330742,-82.210139
coral,17.5483,-63.48
coral,9.346797,-82.263514
coral,9.322147,-82.218344
coral,9.34095,-82.260189
coral,18.4745,-77.418106
coral,18.473339,-77.410331
coral,18.467469,-77.414589
coral,18.482986,-77.456906
coral,18.46725,-77.387778
coral,20.368478,-87.027303
coral,20.354208,-87.026525
coral,20.350003,-87.026522
coral,20.363847,-87.026817
coral,13.076158,-59.612103
coral,20.351392,-87.026269
coral,19.179742,-96.090377
coral,20.432203,-87.008569
coral,20.430864,-87.011217
coral,27.874306,-93.816667
coral,27.911083,-93.598778
coral,27.9075,-93.599278
coral,27.876417,-93.815028
coral,27.875361,-93.81425
coral,27.893083,-93.815028
coral,9.281667,-82.254778
coral,9.290278,-82.176667
coral,18.467469,-77.414583
coral,18.483,-77.456917
coral,18.473333,-77.410333
coral,9.340944,-82.260194
coral,13.076167,-59.612111
coral,9.322139,-82.218344
coral,13.11975,-59.636556
coral,9.33075,-82.210139
coral,20.364308,-87.027658
coral,20.36965,-87.027439
coral,20.366472,-87.025181
coral,20.436242,-87.004283
coral,20.362228,-87.028725
coral,20.429233,-87.010544
coral,20.350778,-87.025336
coral,19.1911,-96.11673
coral,19.17395,-96.0885
coral,19.08923,-95.99628
coral,19.22497,-96.10074
coral,20.430042,-87.011353
coral,20.431503,-87.008428
coral,20.36535,-87.0273
coral,20.427053,-87.010867
coral,20.363753,-87.027111
coral,20.437558,-87.005828
coral,20.362406,-87.027692
coral,20.369292,-87.027094
coral,20.365231,-87.027631
coral,20.351183,-87.025411
coral,20.366125,-87.026967
coral,20.365556,-87.024761
coral,20.435336,-87.006261
coral,20.431272,-87.009711
coral,20.363928,-87.027728
coral,20.429581,-87.012814
coral,20.325553,-87.02275
coral,20.362992,-87.026583
coral,20.319997,-87.021572
coral,20.366289,-87.025822
coral,20.430383,-87.011369
coral,20.366417,-87.026906
coral,20.427761,-87.011111
coral,20.364492,-87.027036
coral,25.168051,-80.2575
coral,25.472216,-80.111732
coral,24.835516,-80.637665
coral,28.166667,-94.283333
coral,9.26045,-82.034698
coral,9.553233,-78.95388
coral,21.451851,-82.768715
coral,13.1333,-59.6563
coral,9.767861,-75.777031
coral,9.743944,-75.816055
coral,9.379617,-76.185867
coral,23.515852,-75.752326
coral,14.526883,-61.08983
coral,22.639741,-79.17638
coral,18.170632,-76.374609
coral,20.842194,-86.875706
coral,25.354616,-80.18905
coral,25.35481,-80.189693
coral,25.357414,-80.185272
coral,19.878038,-71.393313
coral,19.880825,-71.3923
coral,19.87833,-71.388353
coral,18.217718,-70.563378
coral,18.347706,-67.264647
coral,20.279199,-87.379296
coral,21.786158,-72.204799
coral,9.33451,-82.25702
coral,9.287227,-82.085466
coral,25.111989,-80.305162
coral,25.057987,-80.278418
coral,17.916491,-71.661758
coral,20.278314,-87.380576
coral,20.278848,-87.380769
coral,18.216825,-70.562659
coral,20.279501,-87.379082
coral,20.407225,-87.298222
coral,15.88571,-79.72385
coral,15.79364,-79.85155
coral,10.682928,-61.737982
coral,21.029585,-97.197104
coral,21.081417,-97.253637
coral,19.350465,-81.392802
coral,21.462449,-86.795786
coral,20.868983,-86.863346
coral,21.45574,-86.795786
coral,20.868983,-86.863175
coral,20.406984,-87.297707
coral,20.407868,-87.297707
coral,20.407708,-87.297106
coral,20.871283,-86.853082
coral,21.474276,-86.790978
coral,26.694858,-78.99848
coral,18.395445,-87.605565
coral,20.741837,-86.956336
coral,26.093682,-77.53328
coral,25.083385,-77.284149
coral,20.850069,-86.867545
coral,10.268696,-75.594569
coral,20.760583,-96.986342
coral,21.472578,-97.226055
coral,16.762468,-88.087006
coral,17.315416,-87.535873
coral,17.315347,-87.535873
coral,17.266667,-87.816667
coral,18.511167,-94.782167
coral,19.228732,-96.123419
coral,21.236695,-86.735768
coral,24.560333,-81.501333
coral,18.510611,-94.782139
coral,18.510083,-94.781861
coral,18.54425,-94.827583
coral,18.544194,-94.827167
coral,18.510333,-94.781583
coral,18.510417,-94.78225
coral,18.544528,-94.826194
coral,18.543861,-94.827583
coral,18.30564,-65.311146
coral,18.0046,-63.067939
coral,21.475275,-97.229494
coral,21.483083,-97.228264
coral,9.351057,-82.2576
coral,21.472417,-97.215917
coral,21.506944,-97.251944
coral,20.984281,-86.800146
coral,20.475265,-87.233334
coral,20.475989,-87.247925
coral,19.206266,-96.07133
coral,10.59246,-66.10263
coral,10.53854,-66.09178
coral,16.823933,-99.911806
coral,16.821836,-99.901453
coral,10.83559,-60.92015
coral,10.28311,-64.42698
coral,19.201805,-96.069324
coral,19.204663,-96.068305
coral,12.2063,-72.2063
coral,20.871083,-86.862631
coral,15.84975,-97.06705
coral,15.853475,-97.072139
coral,20.3585,-87.028111
coral,20.36315,-87.027361
coral,20.350467,-87.024544
coral,20.427553,-87.012075
coral,20.435994,-87.005933
coral,18.391018,-87.390747
coral,10.84252,-68.22462
coral,20.358244,-87.026717
coral,17.4471,-63.901
coral,17.3459,-63.2506
coral,20.4368,-87.004489
coral,20.427736,-87.011953
coral,19.107458,-95.933162
coral,20.356622,-87.027361
coral,19.113389,-95.943325
coral,19.202338,-96.064806
coral,20.3629,-87.026878
coral,19.200508,-96.068345
coral,19.202905,-96.069177
coral,19.172838,-96.092798
coral,19.178706,-96.09508
coral,20.325028,-87.027472
coral,11.647944,-72.993139
coral,20.437881,-87.003953
coral,20.358222,-87.026492
coral,20.362717,-87.026517
coral,20.367244,-87.027172
coral,20.434097,-87.008903
coral,20.426369,-87.013714
coral,20.355489,-87.026567
coral,20.362261,-87.026753
coral,20.435083,-87.008383
coral,16.822194,-99.914167
coral,16.822556,-99.9035
coral,16.806222,-99.851944
coral,9.4726,-78.923767
coral,9.16855,-82.075584
coral,9.488183,-78.876587
coral,9.583167,-78.70385
coral,9.74175,-75.683731
coral,9.779583,-75.87072
coral,9.696278,-75.829613
coral,9.377267,-76.171669
coral,9.698972,-75.849419
coral,9.763166,-75.870834
coral,20.575001,-78.119835
coral,16.726583,-87.885185
coral,15.75,-96.066667
coral,10.251271,-75.623865
coral,12.16,-71.97
coral,9.75,-82.805832
coral,12.425056,-81.472722
coral,9.38939,-76.179604
coral,14.4933,-82.6967
coral,15.654444,-96.555833
coral,7.8,-81.77
coral,9.58,-79.67
coral,9.58,-79.669998
coral,9.62,-79.580559
coral,9.62,-79.5806
coral,9.4231,-82.2603
coral,9.4333,-82.2685
coral,19.3666,-81.3833
coral,5.874432,-77.315916
coral,16.8088,-88.1488
coral,9.61306,-79.597221
coral,9.6131,-79.5972
coral,22.5322,-74.7661
coral,26.5625,-76.9131
coral,24.6192,-76.0289
coral,24.6203,-76.0378
coral,24.5533,-81.3883
coral,24.7922,-83.6861
coral,26.0531,-82.1408
coral,12.59294,-81.702
coral,12.59873,-81.68875
coral,26.295,-82.211667
coral,26.0506,-82.1417
coral,10.69,-61.66
coral,26.2978,-82.2103
coral,16.8033,-88.0767
coral,16.8017,-88.08
coral,26.2803,-82.7336
coral,16.83,-88.0983
coral,16.83,-88.0858
coral,13.354189,-81.359026
coral,24.684444,-81.188889
coral,24.67,-81.276667
coral,8.37166,-76.90097
coral,16.83,-88.08
coral,18.266667,-87.833333
coral,9.53,-78.9
coral,30,-87
coral,9.4067,-79.8725
coral,8.4006,-79.87
coral,9.40667,-79.870003
coral,18.47,-65.9972
coral,9.629167,-79.572222
coral,24.3167,-77.7417
coral,23.72,-77.7783
coral,24.551,-81.7325
coral,24.5472,-81.7339
coral,20,-68.925
coral,17.7,-77.88
coral,15.9967,-81.74
coral,15.2633,-82.8167
coral,14.0367,-82.68
coral,20.03,-91.97
coral,26.2833,-83.72
coral,26.2808,-83.7226
coral,7.53,-81.7
coral,7.533,-81.699997
coral,18.3419,-64.9308
coral,6,-77.35
coral,6,-77.349998
coral,7.952778,-82.0125
coral,10.575,-85.713889
coral,18.3181,-65.3222
coral,18.0333,-67.8542
coral,24.6281,-82.8766
coral,18.15,-65.73
coral,18.35,-64.92
coral,25.58,-80.1
coral,21.85,-84.95
coral,27.3667,-78.125
coral,13.025,-81.4167
coral,23.1678,-82.3519
coral,8.333333,-79.116667
coral,8.7,-83.866669
coral,9.140188,-81.946426
coral,25.38603,-80.162354
coral,17.483333,-62.983333
coral,8.5,-79
coral,28.535,-84.315
coral,27.283333,-95.75
coral,16.25,-61.200001
coral,7.8,-81.800003
coral,20.871,-78.963
coral,9.413863,-82.273956
coral,21.545278,-77.227365
coral,27.908333,-93.6
coral,24.71765,-81.070095
coral,9.7625,-79.679169
coral,25.383801,-80.159103
coral,19.331667,-81.028333
coral,25.382259,-80.15535
coral,26,-82
coral,7.812778,-81.75972
coral,25.386169,-80.162987
coral,8.8,-79.300003
coral,9.319282,-82.111954
coral,9.409983,-82.305946
coral,15.656667,-96.070833
coral,8.716667,-83.400002
coral,18.2612,-87.82608
coral,24.5,-82
coral,17.566667,-63.4
coral,25,-83
coral,27.9,-93.583333
