X,Y,Test or train,Raw prediction,Cumulative prediction,Logistic prediction
-71.37395,19.867988,train,9.337774317363182E-5,37.56067569464887,0.4292657751835094
-68.964836,18.21035,train,8.528244615149063E-5,34.06655918944369,0.4072050294539264
-68.304496,12.389324,train,1.736274491715673E-4,64.38468547262555,0.5830754902212792
-61.73855,15.96073,train,6.501034407082268E-5,23.7899489812932,0.34367626980653454
-97.06514,21.088155,train,6.016703476036953E-5,19.1526844621176,0.32643012850797104
-97.353893,21.100641,train,5.249952093730234E-5,10.587933221046796,0.29719387402686265
-97.265033,21.083385,train,5.3202890072706555E-5,11.203528548388407,0.29998113455265735
-62.438764,17.221681,train,5.70457555617396E-5,15.581151147267027,0.314827288507877
-62.427965,17.321353,train,5.632535592389878E-5,14.826723159976286,0.3120923178109359
-97.236393,21.023983,train,5.425360923060369E-5,12.165922830049265,0.304103910802144
-87.397179,18.404929,train,5.25900309514156E-4,96.3084037670361,0.8090132516792994
-97.219677,20.974224,train,5.309888469195643E-5,11.13187398272603,0.29957038317528834
-77.038157,26.599048,train,6.330771467460557E-5,22.455075931031416,0.33771509211999073
-77.191047,26.548496,train,6.30351175923021E-5,22.208816752170502,0.3367506150834179
-86.744717,21.113141,train,5.254020858682644E-4,96.28876053648789,0.8088667600645514
-63.371309,17.65171,train,5.834197370915759E-5,17.012814119190267,0.3196939536004281
-87.309675,20.352105,train,5.479102307004667E-4,96.99780835733938,0.8152680416438135
-69.03724,18.311766,train,8.373831066598803E-5,33.304562271801636,0.40280194237242867
-69.077298,18.227151,train,8.422436466147087E-5,33.570889300235116,0.40419495820457296
-71.345547,19.960643,train,9.49798758216828E-5,38.4651179362051,0.4334385827485622
-67.23894,18.230822,train,7.272653913145734E-5,28.681121986844502,0.36939944797269214
-67.321612,18.326616,train,7.208182453846137E-5,28.447478833520943,0.3673276391238634
-65.271301,18.277714,train,6.351319086294311E-5,22.611303458587237,0.33844023638571075
-62.949034,17.45317,train,5.703105007786848E-5,15.567378695368415,0.31477167712982684
-82.247717,9.205148,train,1.2012152427169776E-4,48.62327695333363,0.4917516272660848
-68.374634,12.174073,train,1.8636095143507918E-4,67.94548877428404,0.6001727556787861
-82.250583,9.331017,train,1.4517157347463235E-4,56.2204305637235,0.5390244411285712
-68.354763,12.047922,train,1.856181569950827E-4,67.65022081207397,0.5992140119591718
-62.687689,17.024797,train,5.942432376497746E-5,18.20867215476035,0.32370499577527523
-86.835168,20.900389,train,5.611994933833835E-4,97.35797473588673,0.8188500784576248
-80.238469,25.056498,train,3.69864741968955E-4,92.54849501315299,0.7486898464136573
-68.224552,18.529464,train,8.73825741686219E-5,34.934465023744245,0.4130903551237642
-81.421032,24.460907,train,1.553276655875588E-4,58.595656506326016,0.5557760109834988
-87.20238,20.415026,train,5.624231737460799E-4,97.38948683982645,0.8191729416470718
-86.48239,15.888568,train,2.0445677062812064E-4,73.37130624835633,0.6221904835309555
-79.83888,15.82253,train,1.8394600580662443E-4,67.14893490950892,0.5970388065728706
-82.759964,9.763116,train,1.4273242413331561E-4,55.75456504133623,0.5348114134119822
-79.99915,15.80542,train,1.9976979042271773E-4,71.97800333172279,0.6167237628953868
-97.216431,21.446042,train,6.02786735136388E-5,19.278360615878142,0.32683785252330194
-61.83092,16.14202,train,6.400189783115031E-5,23.005929590485604,0.3401585648056177
-87.9699,17.885,train,1.683148732611488E-4,62.508836686058714,0.5755021575015427
-68.254308,12.399854,train,1.70600621463984E-4,63.34478578957367,0.5787940627998603
-97.373777,21.172201,train,5.2463765900074565E-5,10.55195229901715,0.2970515935873677
-65.296267,18.305017,train,6.383277056405955E-5,22.857649174446042,0.33956491226880803
-67.335739,18.340378,train,7.059221677006383E-5,27.71636235142382,0.36248827902932806
-87.889893,18.278859,train,1.7574498436625816E-4,65.00836858661498,0.5860193497350731
-61.227751,15.288216,train,6.56635131199257E-5,24.26468731471937,0.3459347368799693
-96.275085,19.534577,train,4.204316422836311E-5,5.352682737006004,0.25297582686018183
-81.593484,24.588841,train,1.1931043024929136E-4,48.33558810245583,0.4900583946762966
-97.309594,21.555742,train,5.868705621878445E-5,17.387094019533198,0.32097793915411993
-86.67963,16.245396,train,2.1066252257536124E-4,74.97092405824998,0.6291931592766413
-80.25897,14.45737,train,2.4218060186763628E-4,81.18488070738292,0.6610962547772915
-87.630104,18.691672,train,4.1144210832550843E-4,93.79440785421751,0.7681987043149343
-87.603906,18.855188,train,5.046741270887373E-4,96.03881218972106,0.8025664385589243
-87.615182,18.93006,train,5.03048289237824E-4,95.97170791725047,0.802054647737137
-87.689417,18.636036,train,4.071604447089165E-4,93.71471086687787,0.7663306949679117
-64.468282,18.438494,train,5.99241600114301E-5,18.848108702221015,0.32554139963622253
-64.481156,18.228472,train,6.110303709011118E-5,20.414579209035068,0.32983335899663735
-64.468061,18.313503,train,6.071436758878948E-5,19.962167871579304,0.32842437139724356
-59.786197,13.116877,train,6.558864559413004E-5,24.214531151366177,0.34567665592635916
-59.645505,13.119678,train,6.468919266204742E-5,23.508101118358965,0.3425600930478375
-95.84977,19.199528,train,4.4543712646241366E-5,6.208155015827935,0.26404889217008987
-59.730617,13.053247,train,6.687811863663428E-5,25.12621766792965,0.35009342392838044
-74.568074,23.834189,train,9.598340483102732E-5,39.038574838696555,0.43602136950063014
-61.145576,13.848801,train,6.697777079717078E-5,25.2514593104014,0.350432276715124
-61.231805,15.248657,train,6.485086371159335E-5,23.651315511988116,0.343122462478996
-68.93929,12.027329,train,2.1553640399172606E-4,75.99147809556935,0.6345135430372157
-64.681668,18.260312,train,6.132698313088112E-5,20.624826181841673,0.33064251692199575
-80.489908,25.19802,train,3.619138920146287E-4,92.284091402906,0.744579020037066
-87.790721,17.24116,train,1.9365432054112131E-4,70.22014945060057,0.6093484534257243
-65.399403,18.239335,train,6.482549904256719E-5,23.62884651890377,0.3430342956372948
-67.111991,17.9239,train,7.674542700900332E-5,30.586969517121762,0.3820144558846829
-80.0792,19.6848,train,1.6945110325056182E-4,62.871776570473315,0.5771449481912809
-82.253454,9.58223,train,2.1552453623209684E-4,75.98901432781847,0.6345007734909195
-86.929655,16.05712,train,2.0105270526714187E-4,72.42479838554281,0.6182357703503933
-86.304987,16.240659,train,2.156006812866638E-4,76.00489187892822,0.6345826890229451
-87.756717,18.221959,train,2.7213461098750337E-4,86.02192396777953,0.6867129305007027
-79.8389,19.7127,train,1.671298796635896E-4,62.04865963068631,0.5737752098577198
-77.554481,26.100382,train,6.970426618547727E-5,27.18677308397894,0.3595681714374566
-68.996239,12.128578,train,2.1558179000908382E-4,76.00090031251685,0.6345623695383694
-68.929445,12.001867,train,2.1733493933158844E-4,76.40899104319587,0.6364384828112516
-87.760339,18.362073,train,2.896282157537417E-4,88.71542099689253,0.6999579580924724
-87.898289,17.21031,train,1.863810842315212E-4,67.95404281896928,0.6001986777492446
-65.5638,18.3377,train,6.371430837941527E-5,22.753788795654597,0.3391484623754413
-80.391691,25.076966,train,3.774979802405705E-4,92.76655670335688,0.752513853796337
-96.989028,20.764778,train,5.6923172738154066E-5,15.468594291743862,0.314363443787261
-88.062391,16.644969,train,1.6987345325262168E-4,63.01810149875212,0.577752355808211
-87.48054,17.292774,train,2.2915411805135463E-4,78.80343394298636,0.6486007627608776
-96.994861,20.754667,train,5.481590035575447E-5,13.003027268960887,0.30629032455767335
-88.185732,16.629784,train,1.6617229451226152E-4,61.74080167829589,0.5723693763785043
-94.808361,18.539778,train,4.504875803107379E-5,6.363569744642202,0.26624563411679036
-96.174165,19.246669,train,4.135198593365209E-5,5.121031158876873,0.24985608751214222
-88.14775,16.944769,train,1.661902648990612E-4,61.74621717220977,0.5723958441340827
-88.07608,16.790478,train,1.7061863021648134E-4,63.35079877726037,0.5788197960735237
-64.96644,18.27947,train,6.256763385074462E-5,21.813576189736235,0.33509005279143145
-64.83592,18.32323,train,6.194386910549155E-5,21.193568073872946,0.3328613676382135
-64.84812,18.35835,train,6.148378418835914E-5,20.763728615788576,0.3312079057404534
-65.03217,18.36054,train,6.205725475076012E-5,21.302877489947893,0.3332676001712226
-64.68713,18.34403,train,6.097372609676282E-5,20.282687369995166,0.3293652432114089
-64.77394,18.36764,train,6.119483956182299E-5,20.50764912911389,0.33016529457175703
-65.0863,18.25923,train,6.288101153431953E-5,22.081741112728583,0.33620412776399144
-64.7574,18.27609,train,6.163433137280062E-5,20.895035032856214,0.33174984649287675
-64.95516,18.32792,train,6.22553605179234E-5,21.480135852530967,0.33397617776707256
-64.91251,18.4065,train,6.17714669089919E-5,21.01689683761179,0.332242744050696
-65.06075,18.3783,train,6.23420797510552E-5,21.573136925538257,0.33428587828810297
-64.85204,18.23725,train,6.242195485530346E-5,21.665193476823593,0.33457088165014875
-65.12775,18.28588,train,6.319624453103398E-5,22.35202916783078,0.33732103826865273
-81.49292,24.578896,train,1.24604819102799E-4,50.34237070450034,0.500911715284792
-64.5353,18.3694,train,6.032807663433704E-5,19.33901186262225,0.3270181237498079
-68.961165,12.033449,train,2.1864558897415878E-4,76.72746606140261,0.637828524219373
-86.728759,20.83077,train,6.285710852191961E-4,98.79657094465311,0.8350637050939552
-68.852741,12.17859,train,2.056990037140293E-4,73.64597213707891,0.6236133337640577
-94.872278,18.551417,train,4.360197985192356E-5,5.866014988533226,0.2599174106024309
-65.27829,18.229872,train,6.412264920228757E-5,23.089796417808465,0.34058176083519653
-68.417,18.7006,train,9.149982805180204E-5,36.69547615711676,0.42429575350864357
-96.038703,19.100587,train,4.1835225541420204E-5,5.285710531015532,0.2520399961296949
-87.24115,19.519564,train,4.914645670217743E-4,95.26750473168809,0.7983300130108832
-80.273755,25.140576,train,3.718651873348665E-4,92.60545205206246,0.749703385915302
-68.956922,12.015565,train,2.2114119473713048E-4,77.28092581239038,0.640446123558732
-82.00032,9.382898,train,1.7244496630253086E-4,63.92901338492479,0.5814132770941124
-96.031576,19.308102,train,4.3596119550327944E-5,5.864256727081355,0.25989155560562516
-96.060338,19.357519,train,4.4620739270793355E-5,6.24069826794947,0.2643847763220065
-88.197802,16.922759,train,1.641991363081445E-4,61.21186627523753,0.5694431346505815
-88.038677,16.528759,train,1.695239747843088E-4,62.896920383685234,0.5772498739586098
-96.182695,19.37853,train,4.175253500437749E-5,5.259077835764322,0.25166719437616253
-61.623294,17.144814,train,5.875222735913597E-5,17.471260052850106,0.3212198845100803
-61.660226,17.058412,train,5.8978200556325674E-5,17.707278140847507,0.3220574675935609
-60.91307,14.41821,train,5.9686381104851206E-5,18.531187961350007,0.32466904262609536
-60.757731,11.346961,train,1.3518043822807125E-4,54.18068328532845,0.5212646773847024
-86.879513,20.861208,train,5.381473569591686E-4,96.83845117711854,0.8125449272937438
-87.372123,18.480497,train,5.683537460689073E-4,97.5422103917899,0.8207215340543191
-96.013216,19.168697,train,4.252442141688767E-5,5.508247843298948,0.2551327751059219
-96.116726,19.211654,train,4.181669903648349E-5,5.279743575452108,0.25195650358503235
-95.984807,19.119574,train,4.22069001537686E-5,5.405418263451391,0.25371107613464083
-95.808644,19.160518,train,4.3728663543000993E-5,5.904023791829071,0.26047588364113305
-87.319435,18.455739,train,5.328628990380753E-4,96.65226861656528,0.8110371995289152
-60.93,10.84,train,9.568322671262664E-5,38.86267839045941,0.43525127164213484
-64.548641,18.508115,train,6.015466512415668E-5,19.13903927798903,0.3263849220631018
-61.868611,17.406111,train,5.7310249680019497E-5,15.853610138841265,0.31582598064240464
-87.022267,20.314569,train,6.314894522005676E-4,98.84255066129664,0.8357007071090674
-65.994111,12.148472,train,1.182477467151423E-4,47.75760152187234,0.4878227971695462
-68.82922,11.44112,train,2.317688832722789E-4,79.40169331278653,0.6511823153920847
-95.938611,19.266667,train,4.4837335003410366E-5,6.304626965622591,0.26532762780168195
-86.741566,21.1618,train,4.954579977133187E-4,95.53233482205006,0.7996297920973618
-61.279722,14.086389,train,6.429726243085982E-5,23.2110719639981,0.3411927667732457
-61.284444,14.112778,train,6.334377326734423E-5,22.488409711254846,0.33784246117724476
-86.83525,20.91074,train,5.332091168460246E-4,96.69772650927956,0.8111367222441276
-87.82033,18.278457,train,2.636691204159867E-4,85.0716391996276,0.6798743808162903
-63.4499,17.2472,train,6.214726117903879E-5,21.383412207977976,0.3335897187328758
-95.92,19.06234,train,4.135652967404506E-5,5.122602642431066,0.24987668146621553
-95.83779,19.07921,train,4.298230221397104E-5,5.668050557105608,0.25717342125700393
-67.960334,18.06899,train,8.406374777050156E-5,33.474469836331416,0.4037353546035696
-67.903826,18.056677,train,8.308569406779237E-5,33.033432340970734,0.400921286369163
-80.090538,26.162451,train,6.427430101220025E-4,99.0198537241952,0.8381116674644122
-80.102493,26.01255,train,5.698323794431063E-4,97.58876716091824,0.8211035129937678
-82.809517,24.66868,train,7.976805428763457E-5,31.680363269029947,0.3911746487155967
-82.922302,24.63526,train,8.593297414267454E-5,34.32497794639143,0.40904062544012987
-82.905563,24.688881,train,8.039381185024885E-5,31.938192816590934,0.39303720703016
-80.348152,25.034967,train,3.7747810803335737E-4,92.76526806555638,0.7525040495532244
-80.413597,25.013283,train,3.8914385239142865E-4,93.24294127286907,0.7581289319808896
-80.218903,25.208883,train,3.6790999915135435E-4,92.49056169391484,0.7476915017181389
-86.779433,21.03115,train,5.574259444271948E-4,97.26079831975814,0.8178471427325454
-82.9804,12.31568,train,1.9894722535997175E-4,71.77294364952502,0.6157479933209209
-81.714584,24.480017,train,1.2632863081076445E-4,51.05318205484847,0.5043464594062588
-80.164566,25.388866,train,3.8235390243403797E-4,93.05275330657602,0.7548865315712247
-81.405151,24.546074,train,1.4626454618142244E-4,56.55111442439329,0.5408876227520031
-83.034401,12.18392,train,2.0709411650784103E-4,74.01733295438524,0.6251985691778296
-81.876953,24.452066,train,1.2739074536555434E-4,51.58783853403235,0.5064393142445847
-81.887413,24.475683,train,1.1816649921549553E-4,47.72269639722266,0.4876510676089852
-83.047997,12.19013,train,2.0301357310292098E-4,72.89756539784177,0.6205238807837714
-81.111313,24.625584,train,2.0006633327361963E-4,72.09356514166521,0.6170743232628909
-80.149147,25.484983,train,3.93234526247012E-4,93.38826850164969,0.7600412684589599
-81.559647,24.513866,train,1.3055376263742112E-4,52.98873883915706,0.5125685265514017
-83.033501,12.03012,train,2.112767103228822E-4,75.15720666097121,0.6298721278152811
-83.068398,12.18628,train,1.9884574151148032E-4,71.7453625214537,0.6156272634816293
-81.393082,24.5646,train,1.3431409305438352E-4,53.942989013089765,0.5196600132395427
-80.859947,24.723551,train,2.478718949741224E-4,82.5664303950557,0.6662808801968519
-80.754265,24.765966,train,2.7908299370319373E-4,87.00012791676656,0.6921113771907769
-60.91052,14.68928,train,6.043481242042291E-5,19.470049303310713,0.3274072715355806
-65.264786,18.338383,train,6.291373064882815E-5,22.108721248698494,0.33632023081777196
-65.314964,18.338083,train,6.32030298914542E-5,22.358301784031408,0.33734503834000207
-65.319397,18.157133,train,6.507285287196405E-5,23.841505103856232,0.34389308158320314
-65.53302,18.34215,train,6.371845538556116E-5,22.757424636327762,0.33916304990927637
-78.590469,9.47465,train,1.0739461690661783E-4,43.52061274429545,0.4638157776168548
-82.119965,9.26785,train,1.2297453107328282E-4,49.569714117803215,0.49761923111141254
-82.324165,9.423317,train,1.9005099425537398E-4,69.26996101871762,0.6048683928821245
-78.779213,9.596,train,1.1672733642683197E-4,47.13080827915399,0.48458996702993984
-78.731316,9.457434,train,1.0794021703182609E-4,43.74464972875319,0.46507623845228147
-78.870499,9.574984,train,1.1732980698830763E-4,47.393157410060645,0.4858758625030905
-82.102783,9.287,train,1.4598202440876338E-4,56.4819557617964,0.5404074551284772
-78.036499,9.5165,train,7.98163450854993E-5,31.700240994420778,0.39131879251885554
-82.03257,9.247033,train,1.2442260457720577E-4,50.26105958546443,0.5005458636846588
-78.676132,9.575283,train,1.162089804796114E-4,46.875521550535126,0.4834784442216247
-78.9627,9.4922,train,1.0621966677304862E-4,43.06565387569521,0.46108110178193007
-78.944366,9.55365,train,1.183023159967748E-4,47.79463087016661,0.4879380734462634
-82.080002,9.194166,train,1.0373867268361691E-4,42.09317422159415,0.45521399408182744
-81.324234,21.862467,train,1.7803405042031515E-4,65.66672360392813,0.5891552703633742
-82.430786,21.544283,train,1.8600212672285698E-4,67.79303093608165,0.5997101848476075
-81.681801,21.576967,train,1.8931423039847455E-4,69.05735392810016,0.6039396823098848
-81.46685,21.960484,train,1.7488264992129214E-4,64.70681360943837,0.5848255392721841
-81.417519,21.891001,train,1.7876383438342655E-4,65.8284937078974,0.5901450788296717
-81.247231,21.833334,train,1.773001751814313E-4,65.51397581902265,0.5881550800534109
-82.317146,21.562784,train,1.864509566792449E-4,67.9837303013723,0.6002886162564804
-81.635834,21.580917,train,1.9028591298906727E-4,69.3234825293938,0.6051635991544715
-81.519333,22.09885,train,1.677779109570852E-4,62.29266040846895,0.5747213538481283
-81.479446,21.969482,train,1.7516848620396493E-4,64.76896721735481,0.585222011399485
-82.09893,21.51545,train,1.8803645611610684E-4,68.58687882387565,0.6023186200093107
-81.957298,21.586367,train,1.8647290327165398E-4,67.99305499368202,0.6003168571492141
-81.197563,21.804667,train,1.808748147320301E-4,66.45503793550725,0.5929815437811357
-81.515869,22.021616,train,1.7143241111078057E-4,63.59399192808531,0.5799793609332374
-82.702919,21.481417,train,1.850103010857763E-4,67.44770284966393,0.5984260092262197
-82.782753,21.451134,train,1.845876341160628E-4,67.32312001383089,0.5978762499257942
-82.29277,21.548634,train,1.868960648124043E-4,68.16397418335694,0.6008606025458603
-83.194504,21.617884,train,1.8479985535869458E-4,67.38567310201992,0.5981524722990255
-81.096214,21.73835,train,1.802585064622629E-4,66.22380331670485,0.5921574937896261
-81.513168,22.158766,train,1.6565841158208827E-4,61.58593968718669,0.5716111128614182
-79.145279,22.653334,train,1.2203695807073932E-4,49.26199672197524,0.49570598478495087
-79.363052,22.718334,train,1.1908706877677446E-4,48.2570891900577,0.48959012422478004
-80.588608,23.236666,train,1.4433604090966098E-4,56.001559099213566,0.537589884882418
-80.964996,23.293055,train,1.7215348940782495E-4,63.793274809234276,0.5810015105906383
-79.755836,22.946667,train,1.2134773431565314E-4,49.00639400411161,0.4942902093001104
-79.584999,22.833611,train,1.1865260069242622E-4,48.02771578352619,0.48867680749256576
-80.126663,23.1,train,1.2765229063432427E-4,51.69155753366237,0.5069519697548374
-79.679443,22.893888,train,1.2020930597016027E-4,48.65563756818638,0.49193420546052835
-80.474167,23.210278,train,1.3527432290615215E-4,54.20972232306891,0.5214379290601633
-80.212776,23.151112,train,1.2935655630096502E-4,52.40043979269246,0.5102666010059874
-77.652779,22.176945,train,1.347719874780986E-4,54.05434726345537,0.5205094735691568
-77.602501,22.024723,train,1.3233993216284088E-4,53.54213462548121,0.5159629329598587
-78.693054,22.626667,train,1.265233907698047E-4,51.1325539232631,0.5047315540882651
-78.12722,22.4825,train,1.3341746471907893E-4,53.75194085980333,0.5179878906096989
-78.349724,22.540277,train,1.300329088846415E-4,52.69979749427421,0.5115697210650983
-77.465553,21.843334,train,1.26943136580476E-4,51.33813921866907,0.505559477304516
-78.902496,22.693611,train,1.2389899138678137E-4,49.99376845881492,0.4994915579371335
-78.040833,22.424999,train,1.3502709905036054E-4,54.13325464990409,0.520981440429439
-79.103485,20.901316,train,1.9987561551786722E-4,72.00438478330969,0.6168489384629559
-79.467415,21.079517,train,1.9909296055738797E-4,71.80927440878123,0.6159212339969655
-78.182831,20.6035,train,1.930324183227913E-4,69.97973528871745,0.6085825026432407
-78.109665,20.584999,train,1.9036501352852822E-4,69.34150399707622,0.6052629001380494
-79.558151,21.217699,train,1.9834767408603984E-4,71.60502113264525,0.6150336380862297
-78.847954,20.811966,train,1.9959455870982465E-4,71.9343192987092,0.6165163095355608
-78.902435,20.772367,train,2.0038925190286083E-4,72.2447055450253,0.6174553353141926
-79.971634,21.677134,train,1.809884749392004E-4,66.50082972993607,0.5931331523766403
-79.019485,20.846001,train,1.9891576990523058E-4,71.76509455276702,0.6157105805810887
-78.280998,20.6061,train,1.9574204672328556E-4,70.7859592419796,0.6118979707865031
-79.199135,20.968517,train,1.9890634290007517E-4,71.76243828791564,0.6156993667955438
-79.994331,21.713066,train,1.805172607651855E-4,66.31065320437416,0.5925038735653259
-79.430214,21.067783,train,2.0043162740593807E-4,72.26453918126589,0.6175052779475133
-79.645882,21.454317,train,1.9523404018324507E-4,70.60864533521391,0.6112806650193844
-79.287949,21.084616,train,1.9653017462936378E-4,71.01042434823623,0.6128517960956142
-78.680397,20.644234,train,2.0384698891958458E-4,73.2564419665432,0.6214880976051724
-78.200836,20.568832,train,1.9715023481342475E-4,71.22801260747528,0.6135989299031775
-78.7575,20.685083,train,2.015722159596689E-4,72.54767402152638,0.6188446629614673
-79.7304,19.754351,train,1.6913589201029438E-4,62.763015135931546,0.5766904834178259
-88.018913,17.672684,train,1.7439863791441867E-4,64.61334513174214,0.584152454318128
-87.320534,18.519634,train,5.514135157951421E-4,97.07014115479029,0.8162260086196166
-87.882385,16.740784,train,1.786989930509573E-4,65.81259834980047,0.5900573274026968
-87.333969,18.753532,train,5.337322270777268E-4,96.76638401053837,0.8112868952146837
-87.740898,17.570784,train,2.1483494999242488E-4,75.84585501284744,0.6337572528039523
-87.951881,17.342899,train,1.8139027437372044E-4,66.57373642189381,0.593668198735679
-87.980034,16.528667,train,1.7290798003234442E-4,64.10273768436016,0.5820657106610948
-87.699867,16.914351,train,1.919339636065271E-4,69.7262283798668,0.6072222541878282
-87.935013,17.385883,train,1.8673603356194474E-4,68.09971650683293,0.6006551429325967
-88.038086,17.35215,train,1.7399619220852643E-4,64.53562807730765,0.583591134491904
-64.231499,18.666082,train,5.9490667982405935E-5,18.280167442992543,0.32394932053649633
-64.337502,18.508333,train,5.917670204876295E-5,17.95192264631498,0.3227915216090715
-64.23867,18.564016,train,5.8631732609506244E-5,17.31564569567994,0.3207724169834156
-87.746132,17.59425,train,2.1879479072239703E-4,76.76114772546565,0.6379860901747351
-87.810204,16.7365,train,1.8308704810972743E-4,66.93013581649451,0.5959122326931732
-87.800682,16.909634,train,1.8646182439955E-4,67.98834779032295,0.6003026013464943
-64.409935,18.752733,train,6.055101790597785E-5,19.65374593138544,0.32783043349271407
-87.908035,17.15505,train,1.8503506384244804E-4,67.45500177451557,0.5984581713214558
-88.074135,16.72345,train,1.7023845368098765E-4,63.207039481783966,0.5782758815283604
-88.049515,16.9198,train,1.7101297394090908E-4,63.48246719569559,0.5793824990307664
-87.696831,16.915667,train,1.975777243918822E-4,71.36919284029831,0.6141123509940075
-64.32077,18.74935,train,6.0264343053624954E-5,19.260767389904313,0.3267855428235721
-88.043335,17.275984,train,1.7337026704483606E-4,64.25150975488988,0.5827150943061014
-87.822769,17.548384,train,2.0293667311310496E-4,72.86981169924331,0.620434664064197
-87.2342,18.662367,train,5.140822760556775E-4,96.15225940349525,0.8054767908677656
-77.879517,18.52405,train,1.6317259191022909E-4,60.87633141120968,0.5679048503008808
-78.354134,18.31255,train,1.581080585079574E-4,59.25216696957844,0.5601518359276173
-76.287369,18.073833,train,1.44138286538917E-4,55.97110035419822,0.5372490455435719
-77.032013,18.424801,train,1.5329420067935047E-4,58.15594930931711,0.5525201855343198
-78.126945,18.465834,train,1.6089389917085437E-4,60.12637023011772,0.5644506180388769
-77.358131,18.463051,train,1.5722260071654697E-4,58.95375697796358,0.5587676738564235
-78.012581,18.457783,train,1.6072103535375658E-4,60.072291611035915,0.5641863215876898
-77.81665,18.528267,train,1.621843810396975E-4,60.56200141461063,0.5664135893190377
-76.456932,18.191151,train,1.4586447443729324E-4,56.44276394268035,0.5402073738379969
-78.251099,18.4259,train,1.6031662780614258E-4,59.93495903412382,0.5635667565428488
-76.8032,18.318466,train,1.4965808907139733E-4,57.34858814280545,0.546577778041064
-76.605133,18.234016,train,1.4754324185473175E-4,56.87075619774704,0.5430483770984176
-76.874031,18.374866,train,1.5106968829480875E-4,57.64997209686507,0.5489033660124063
-77.207619,18.449633,train,1.554359601638925E-4,58.612881413234,0.5559480755502193
-87.82682,18.239201,train,2.255826733216426E-4,78.30793875828188,0.6450123118187435
-87.872429,18.22097,train,1.8804826086534187E-4,68.59038155119005,0.6023336569619894
-88.139999,16.76,train,1.6615798865584155E-4,61.73649051464433,0.5723483035984644
-88.169998,16.709999,train,1.6615871631541388E-4,61.73670979962852,0.5723493755040424
-81.360283,19.397566,train,1.7550829928810312E-4,64.91211521716572,0.585692368501113
-81.146202,19.291267,train,1.757815507131961E-4,65.01851032793653,0.5860698202440363
-81.077934,19.343901,train,1.7388718843146697E-4,64.51457815094179,0.5834388382227751
-81.105301,19.292749,train,1.753472576959155E-4,64.84427562274138,0.5854695935508688
-81.29155,19.380301,train,1.7487665237738825E-4,64.70565541234686,0.5848172121990076
-61.349133,12.633467,train,1.0989855577851055E-4,44.58786922408409,0.46955204656521904
-80.0728,19.656866,train,1.6750631487156485E-4,62.18883709954781,0.5743253276945365
-80.022903,19.830517,train,1.7366298779606393E-4,64.40308831377486,0.5831252424584963
-80.026031,19.677134,train,1.6868566196037493E-4,62.623588808040495,0.5760396546793799
-84.513718,21.809433,train,1.5999271699485183E-4,59.81613925151433,0.5630692430550645
-87.601646,17.225967,train,2.1743001430070584E-4,76.43587931647895,0.636539675721062
-71.1549,21.440716,train,1.0938681154172069E-4,44.3576606355639,0.4683896933930258
-87.443336,19.833334,train,4.938740714142337E-4,95.41322945585088,0.79911626677523
-76.97683,26.3575,train,6.77389164201071E-5,25.876983453732088,0.353008832308659
-71.599998,21.299999,train,1.0952186275350889E-4,44.427458607046674,0.46869693722391226
-76.988503,26.397833,train,6.660268991746144E-5,24.84372698329389,0.3491550267716114
-76.976387,26.59725,train,6.398400797427128E-5,22.990244861071233,0.3400958202130404
-76.950386,26.532284,train,6.537880290782812E-5,24.075647032508595,0.34495220626354073
-71.5177,21.483267,train,1.0990354715400402E-4,44.58970688524943,0.46956335872449523
-76.949501,26.059834,train,7.129220835325629E-5,28.107341676521003,0.3647715628441625
-71.223137,21.30335,train,1.0861963083986052E-4,44.01994519959126,0.4666375790297431
-72.115265,21.906349,train,1.0800897496482118E-4,43.772566360166195,0.46523466462271007
-87.526497,17.221001,train,2.2482255668471244E-4,78.16868178152953,0.6442390960122709
-87.447777,19.825001,train,4.9225312292754E-4,95.29134015884938,0.7985880060937892
-72.183502,21.818001,train,1.1215921916915562E-4,45.46164547633926,0.4746265757475496
-87.459442,20.105833,train,4.921737898226295E-4,95.28538511017017,0.798562080424157
-70.818466,21.022816,train,1.1044318489903788E-4,44.79295760103379,0.4707835226122301
-71.599152,21.37265,train,1.1041233011493658E-4,44.77999758073337,0.47071390881474084
-77.038498,26.63715,train,6.191918347092187E-5,21.1682711712472,0.3327728595288184
-87.447777,19.958334,train,4.958645927544079E-4,95.55646444935755,0.7997611912164847
-72.470184,21.664833,train,1.1640670602403026E-4,46.97187217589526,0.4839029968579986
-71.109215,21.537001,train,1.0914028759617574E-4,44.2345138389905,0.46782792984591803
-72.143951,21.388083,train,1.1666136354037719E-4,47.0979823971833,0.4844487655789586
-87.53611,19.145834,train,5.295116680502852E-4,96.45078711014399,0.8100684157802286
-87.594353,17.156784,train,2.137845162019466E-4,75.6397037578183,0.6326188300066722
-66.723,11.881133,train,1.2779979827853402E-4,51.75005350786664,0.5072406304283092
-66.622665,11.954284,train,1.2694332059729675E-4,51.33826622690823,0.5055598396595448
-66.689034,11.882234,train,1.2612704930687157E-4,50.965041787137984,0.5039472454332701
-66.580452,11.778517,train,1.236172790474158E-4,49.84983076008238,0.49892248075784323
-66.705765,11.766367,train,1.2630899334300813E-4,51.04517906227016,0.5043075974252914
-66.592453,11.910633,train,1.2446310669434659E-4,50.27915297933574,0.5006272304723804
-66.884186,11.800233,train,1.305380629766955E-4,52.979454850482306,0.5125384801027304
-82.805,9.738334,train,1.2587297336787652E-4,50.840639912142045,0.5034431539579186
-64.691498,17.768633,train,6.383428401594217E-5,22.85897607624414,0.339570229363232
-63.060001,17.995667,train,5.665173336585755E-5,15.223090348989224,0.3133340980660043
-63.259499,17.628166,train,5.797661992251996E-5,16.61617097374631,0.31832923979848204
-63.007999,18.010666,train,5.6444416157201124E-5,14.966519120253091,0.3125458306779518
-74.480003,24.17,train,9.362285163275223E-5,37.68341480775477,0.42990814633045094
-74.540001,23.950001,train,9.548458472989772E-5,38.748869376893154,0.4347405042728598
-74.449997,24.139999,train,9.385243455955239E-5,37.80503405596813,0.43050851860741934
-74.540001,24.040001,train,9.471567906430073E-5,38.30421265427329,0.4327546799597499
-76.200455,9.39224,train,6.783207780385163E-5,25.941738678142926,0.35332278977314036
-77.698067,24.439501,train,1.0173469209321893E-4,41.3938240568462,0.4503808439101758
-77.670677,24.343149,train,1.0448335136827342E-4,42.33931913150819,0.4569883998798355
-77.770172,24.72917,train,9.434733560098055E-5,38.08970084829358,0.4317984214807536
-77.647881,24.3013,train,1.0598921530399434E-4,42.99396667788017,0.4605414545600649
-77.698997,24.483999,train,9.937563052052151E-5,40.552995724358794,0.4445802639290474
-77.537033,24.097931,train,1.1166816557103011E-4,45.313507543482466,0.47353257535788107
-77.860977,24.844931,train,9.306219278503361E-5,37.42552333528676,0.4284366578833399
-77.65638,24.3069,train,1.0534186960468628E-4,42.70111026715278,0.45901976972346353
-77.693329,24.595831,train,9.763365017796082E-5,39.77628999800797,0.44021779222874347
-77.937828,25.063669,train,8.899621561443905E-5,35.52409523599603,0.417533578576152
-68.749947,12.016666,train,2.0998907657297365E-4,74.77256708332462,0.6284458133867835
-77.38665,23.947599,train,1.1903569704766908E-4,48.22996796083786,0.48948230330603393
-81.840833,12.192267,train,2.806973816766565E-4,87.25903320536526,0.6933391242444612
-76.133333,23.783333,train,1.11861571185044E-4,45.37185292160877,0.4739640000735372
-77.419022,23.778219,train,1.2597360568843873E-4,50.88991198966598,0.5036429328708238
-78.002899,25.160101,train,8.769178741308086E-5,35.065580281794965,0.41394702832429403
-77.743431,24.69953,train,9.607177737588821E-5,39.09533299094834,0.43624768657568
-78.085571,25.313219,train,8.551537588210116E-5,34.16206395796066,0.40786359676559103
-77.38237,23.709669,train,1.2920731189110124E-4,52.334357728815114,0.5099781166641572
-78.034332,25.223921,train,8.683589559868391E-5,34.686614333448276,0.41156964183445505
-80.116667,25.383333,train,3.790926697992086E-4,92.86996631575123,0.7532980929567845
-87.716667,18.25,train,2.8184655118381895E-4,87.50069470106203,0.694207122406112
-87.683333,18.25,train,3.4577117035803284E-4,91.88520149185078,0.7358048271402801
-82.9533,14.3072,train,1.8428709782207945E-4,67.23657411741131,0.5974844283822999
-82.875,14.4217,train,1.8908944972446107E-4,68.98129698573663,0.6036554704849121
-87.75,18.5,train,3.682916701412625E-4,92.5037042635485,0.7478870550184886
-64.665577,18.218105,train,6.175581226625494E-5,21.0009899925643,0.3321865143287593
-80.2,25.666667,train,4.376868778710712E-4,94.23451639725728,0.7790266839472023
-86.866667,20.816667,train,6.031576905803986E-4,98.27555440478844,0.8293005540645648
-82.18,9.37,train,1.7464680311143188E-4,64.66126878415697,0.5844978343968522
-77.075526,26.782021,train,5.998107413790099E-5,18.930696606020824,0.3257498705089398
-74.7258,22.5322,train,1.1681049755455733E-4,47.1721864499444,0.48476784623120445
-81.46578,12.398965,train,2.865933521750415E-4,88.01565628963785,0.6977410410466893
-81.680556,12.508333,train,2.7482358990409665E-4,86.36753486000522,0.6888243978998752
-76.02,24.6,train,8.83360329759655E-5,35.30577151969108,0.4157238973084807
-81.69728,12.59189,train,2.688383907968966E-4,85.68285120539579,0.6840852194619634
-64.6067,17.7633,train,6.331635872803437E-5,22.46306678578616,0.3377456298048046
-66.7578,17.9667,train,7.366499945193346E-5,29.17937513144668,0.3723910811598589
-67.2433,18.1383,train,7.432240373881581E-5,29.492808645185416,0.37446991040555205
-62.8,17.625,train,5.61793778672046E-5,14.656730822722988,0.31153545490244183
-79.87,9.4,train,1.197875996899906E-4,48.500185556861055,0.4910558929064517
-84.33,22.5,train,1.6112815485141752E-4,60.19965464515385,0.5648082671450112
-83.9167,17.4167,train,3.22692615670771E-4,91.02111386822051,0.7221596962788824
-81.58,24.67,train,1.0873347427911413E-4,44.066861390668954,0.4668983081000919
-64.175583,10.501238,train,5.931918722917296E-5,18.10494906464115,0.32331744929716283
-81.793213,24.527135,train,1.2220541213935055E-4,49.31473192748056,0.4960508116099899
-78.583333,7.4,train,8.825215457600301E-6,0.09566594124404781,0.06636675725448483
-67.883331,18.083332,train,8.233369421890655E-5,32.73489418857555,0.3987394946260692
-82.616669,9.616667,train,1.8759955193392867E-4,68.4392466748672,0.6017612881008835
-69.083336,12.2,train,2.1692537509057267E-4,76.2931616577999,0.6360019187234478
-69.01667,12.233333,train,2.1130894714470203E-4,75.16708991992094,0.6299076961094905
-79.178055,24.601944,train,1.6622173221108834E-4,61.755700053055286,0.5724421829987874
-79.111664,24.646389,train,1.6086956329291506E-4,60.118757007783536,0.5644134296061176
-82.480119,27.888803,train,1.3277663754124389E-5,0.20163545598009738,0.09661479051870674
-75.87,9.76,train,1.0775886872657746E-4,43.67018360316548,0.46465794050732734
-82.273262,9.395412,train,1.7575029979526702E-4,65.00984283029901,0.5860266870926419
-83.066666,10.016667,train,1.1843070681284126E-4,47.88175366349799,0.4882090913529003
-87.783333,16.799999,train,1.847558604268379E-4,67.37270541406289,0.598095240674495
-82.835483,28.072376,train,1.2484294553797038E-5,0.1826303630353262,0.09136931716872539
-80.064445,26.254168,train,6.833949399282096E-4,99.2599023032278,0.8462611372756004
-75.86,9.81,train,1.106067733051682E-4,44.861670091693334,0.4711523010092113
-87.116669,20.566668,train,6.126923538526844E-4,98.5166965626033,0.8315093834200039
-83.033333,10.0,train,1.2708549700983997E-4,51.436396255100576,0.5058396463945306
-88.0,17.0,train,1.7682991261610127E-4,65.32777676824902,0.5875116003753499
-75.73,10.18,train,1.234388875652954E-4,49.75868367200052,0.4985614487332404
-75.76,10.17,train,1.2326930703776852E-4,49.68893701705496,0.49821776580715516
-86.789722,21.453889,train,3.330625826456714E-4,91.36030896493433,0.728461331741256
-69.099998,12.366667,train,2.108297766019352E-4,75.02018710627117,0.6293783009295169
-93.598892,27.913334,train,2.4750816190296716E-5,1.0947575917332175,0.1662221364330495
-87.468889,19.775,train,4.8669588990098557E-4,95.14728052051537,0.7967556435458967
-81.400002,19.366667,train,1.7596883317472133E-4,65.07045345154349,0.5863281230786312
-82.299126,9.453123,train,2.0411767194608563E-4,73.30743215256857,0.6218002098606654
-75.82,9.8,train,1.140389965221777E-4,46.11571208633034,0.478772778891038
-80.583336,24.933332,train,3.399223866922277E-4,91.67348916587656,0.7324751390111509
-64.699997,17.75,train,6.44419478995809E-5,23.317393071488286,0.34169819244420524
-73.716667,21.016666,train,1.2966456571277774E-4,52.53680281345961,0.5108609000956583
-64.766667,10.283333,train,6.2994213636394E-5,22.175087407453155,0.3366056501667719
-59.583332,13.066667,train,6.478607238127265E-5,23.593920875716705,0.34289720272858853
-77.333336,18.5,train,1.584576701363775E-4,59.361850173088584,0.5606959661123979
-87.443933,19.447116,train,4.937556124787386E-4,95.4043217845155,0.7990777553499292
-77.29,8.6,train,8.370117631353506E-6,0.08501300363474551,0.06316052318140462
-61.468334,12.444444,train,1.2047311477276988E-4,48.752881314440494,0.492482115886953
-82.167793,9.350744,train,1.4557701580714534E-4,56.34692362476955,0.5397173570872085
-91.383333,22.116667,train,1.1890628400807775E-4,48.16164554358783,0.4892104843201435
-76.283333,17.872223,train,1.4265882882227325E-4,55.739479386331396,0.5346830985391829
-64.62,11.85,train,9.332174415915518E-5,37.532633947757176,0.4291188118457307
-86.916667,20.316667,train,6.591540848492643E-4,99.12979935014013,0.8415033992365599
-87.461944,20.008333,train,4.914677565995488E-4,95.26758514486396,0.7983310578813674
-81.383331,19.266666,train,1.7660768822216528E-4,65.2476410345454,0.5872068214339982
-86.825,21.497222,train,3.253091645931243E-4,91.09459412686759,0.7237771530258789
-73.26667,19.866667,train,1.6044953579842682E-4,59.9837135004763,0.5637705700007942
-86.969444,20.727222,train,5.572240046959512E-4,97.25439470833761,0.8177931579423975
-81.942505,9.147111,train,1.1112917181528772E-4,45.090543884914005,0.4723265137707985
-72.466667,21.633333,train,1.1889599449085647E-4,48.15621328814345,0.4891888598085486
-87.816666,18.116667,train,2.2340851180192658E-4,77.8649754793014,0.6427916847454259
-65.416667,10.9,train,9.024809838511647E-5,36.08873923245837,0.42093461384956715
-78.978,20.831,train,1.97959896068653E-4,71.49396332182359,0.6145701909071901
-91.383333,19.1,train,1.0795833842134398E-4,43.752082656723054,0.46511800132282166
-81.366669,13.35,train,2.533714032680346E-4,83.4669304605751,0.6711422869227832
-67.416667,12.0,train,1.4206524405080073E-4,55.61763033815161,0.533645578123167
-87.040278,20.315278,train,6.046901717002778E-4,98.30370663405718,0.8296594712138382
-87.348056,18.634444,train,5.455174769805803E-4,96.95875197948713,0.8146079867896496
-59.433334,13.1,train,6.344281010539976E-5,22.561663413639767,0.338192035124269
-63.0,18.0,train,5.653246073727301E-5,15.0742221540828,0.31288081726973427
-61.216667,15.883333,train,6.510491362127133E-5,23.867948226913583,0.34400422872516045
-80.216393,25.223888,train,3.728369168711881E-4,92.63311930954066,0.7501927750776313
-61.083332,16.283333,train,6.268623198297412E-5,21.916640710356354,0.33551211524679453
-87.783333,17.316668,train,1.9494929370044616E-4,70.50504831666689,0.6109337948160842
-77.933334,24.983334,train,9.083766939561508E-5,36.40256659223166,0.4225226035842161
-65.200751,18.086567,train,6.436608745517083E-5,23.25915087185412,0.34143328803952927
-74.176005,20.392515,train,1.2972954412482788E-4,52.56555625954187,0.5109860906782384
-61.18751,14.87236,train,6.230251985300641E-5,21.52754389855138,0.3341446337014695
-97.295348,21.195645,train,5.430000972385438E-5,12.214291919778725,0.30428485615108525
-80.015348,25.22062,train,3.598981040647934E-4,92.24085633941894,0.7435153380988643
-69.184928,18.287281,train,8.254561441955113E-5,32.81777409410791,0.399355949354585
-69.09245,18.360054,train,8.343067505189212E-5,33.16999441437882,0.40191689706273326
-71.236804,19.845152,train,9.529762242860252E-5,38.64521972645836,0.4342589241000046
-69.143634,18.229671,train,8.3189707464974E-5,33.074606451533406,0.40122181656368344
-69.408959,19.362445,train,1.0944660588979781E-4,44.38856390660202,0.4685257703889097
-67.368806,18.238524,train,7.451418597910007E-5,29.583476417836895,0.37507376770767015
-87.266512,20.218055,train,5.434093688536747E-4,96.92434180727695,0.814022532209874
-62.987182,17.550103,train,5.702232447267522E-5,15.559206711442988,0.314738675448984
-87.5345,17.3156,train,2.211722186236655E-4,77.28953528068254,0.6404784259080787
-80.848338,24.846638,train,2.3696889562759853E-4,80.29778612463504,0.6562051766019777
-97.181487,21.084099,train,5.542598685586779E-5,13.794273947009538,0.3086470985185221
-87.234728,20.301015,train,5.504291168161547E-4,97.03892536329958,0.8159578316257144
-79.76994,15.87369,train,1.7695638425931656E-4,65.37786168716192,0.5876848543326927
-60.90965,14.77963,train,6.0862192915296105E-5,20.15497274423814,0.32896095887916005
-71.333848,19.886686,train,9.430201024392322E-5,38.063662819071496,0.43168052925159134
-97.074315,21.01787,train,5.8793735888431264E-5,17.52017299169613,0.32137389347236756
-80.18797,14.39264,train,2.4283267486348121E-4,81.33995842428286,0.6616984337221742
-80.36983,14.28983,train,2.4845179767068044E-4,82.66784123849261,0.6668002657177442
-80.13593,14.39824,train,2.4115882553022924E-4,80.96463212090949,0.6601483371863264
-80.23946,14.399,train,2.445184138133724E-4,81.75429890624626,0.6632453148855365
-80.23627,14.5666,train,2.4066411055833912E-4,80.88511680753686,0.6596874746971342
-80.37193,14.35841,train,2.4621673287540777E-4,82.13774929338476,0.6647895005568709
-87.614703,18.418017,train,4.904942502407012E-4,95.24304185306634,0.798011644489525
-61.26913,16.22857,train,6.293864337575762E-5,22.12926424841082,0.33640860584622617
-87.637608,18.333978,train,3.648314368472054E-4,92.38455358608459,0.7461030048552919
-87.969197,18.304072,train,1.5481035908260235E-4,58.5133757800659,0.5549522418037951
-96.08369,19.337902,train,4.317591212143204E-5,5.735621393946119,0.2580329266760778
-86.9031,20.5769,train,6.447818660303552E-4,99.05197648926946,0.8385409206531592
-66.29939,10.64185,train,1.0648420835878886E-4,43.1445599250868,0.46169924815660773
-66.23356,10.65126,train,1.05238398455912E-4,42.658648699273854,0.45877574890030665
-81.4066,13.3284,train,2.513999696124004E-4,83.16898108544132,0.6694159679424962
-61.992222,12.333611,train,1.047759565600692E-4,42.46660740733237,0.45768245468382374
-61.786944,12.136667,train,1.0692621731606819E-4,43.2892671898252,0.4627289191914832
-61.305833,13.933611,train,6.570787658860102E-5,24.29534540981105,0.3460875691795432
-61.789167,12.201111,train,1.10355241243827E-4,44.75601838431186,0.47058505801878747
-61.810556,12.1125,train,1.0512056289230908E-4,42.610292390856024,0.4584975835667629
-61.958056,12.289444,train,1.0714181132041425E-4,43.397455230343844,0.4632297229476632
-61.317778,13.2525,train,8.17048102191187E-5,32.50609493198721,0.39690266189749024
-61.5975,15.490833,train,6.7449371157898E-5,25.66221997490074,0.3520311045435122
-61.09773,14.51015,train,5.96654073296733E-5,18.50414795862861,0.3245919862731011
-68.24769,10.81982,train,1.5516705425984106E-4,58.57011030390328,0.5555205769185901
-64.36745,10.39569,train,5.745429742736098E-5,16.027745708894248,0.3163686608560889
-87.326057,18.325349,train,4.637197157426519E-4,94.55137607618785,0.788812101231655
-86.6832,21.0917,train,6.091335267947906E-4,98.42197311013342,0.8306916533908991
-64.39507,10.38036,train,5.6687444622404495E-5,15.262452450554107,0.3134696979440465
-87.273781,18.470289,train,5.001689211200743E-4,95.81019906362879,0.8011417226367756
-60.479094,11.297222,train,1.5758246732761652E-4,59.05305865038518,0.5593312726859851
-61.00578,14.41901,train,5.9938713595109646E-5,18.869227360160593,0.3255947202549488
-94.804167,19.050278,train,5.7921207338626116E-5,16.563124030700326,0.31812177765430427
-87.397016,18.667922,train,5.694455355734204E-4,97.57658647810348,0.8210037359867663
-61.079,13.81,train,6.67833642995707E-5,25.007131551369046,0.3497708974261221
-60.597222,11.548333,train,1.4915008607770212E-4,57.259303617962665,0.5457349725628262
-61.469444,15.368889,train,6.670864428308818E-5,24.939269598664794,0.34951633826581796
-61.424167,15.2925,train,6.586576058771825E-5,24.404453710016675,0.3466309011704549
-61.484722,15.427778,train,6.72916222650262E-5,25.532814401931567,0.35149717823174714
-61.785364,12.023756,train,1.0324631921525138E-4,41.94166935341659,0.45403444188002084
-87.72007,18.634342,train,3.762026949956245E-4,92.72895034739898,0.7518731769920349
-87.756999,18.421072,train,3.55074542594209E-4,92.13739953165728,0.7409337375163865
-63.2217,17.48,train,5.880878977994104E-5,17.535442369015897,0.32142973060996377
-63.2983,17.5629,train,5.8689423031751474E-5,17.390150667889554,0.32098672887453666
-86.453,20.965,train,7.71127457730091E-4,99.76254909052419,0.8613267226624705
-80.096291,26.10158,train,6.050457387274331E-4,98.31317057704982,0.8297425317284116
-82.795357,24.72629,train,7.405840407149792E-5,29.3671855801911,0.373636753447476
-82.771332,24.69549,train,7.914099663921724E-5,31.43888297581319,0.38929671860527115
-80.259201,25.235867,train,3.7378490104606176E-4,92.66011048483288,0.7506683647795306
-80.548332,24.931669,train,3.8139710062439045E-4,93.01939997644764,0.7544226293168104
-80.476967,24.939884,train,3.911925782849398E-4,93.31247365853216,0.7590904794221235
-83.055496,12.20137,train,1.9517156810390808E-4,70.58591662194543,0.6112046162521172
-81.345802,24.561199,train,1.4812980599249696E-4,57.05055447527882,0.5440327696911198
-81.193604,24.605167,train,1.8083048105110985E-4,66.4371354447132,0.5929223775238506
-80.728416,24.837534,train,2.686537031291992E-4,85.66225252741684,0.6839366837407197
-81.020287,24.693367,train,2.082951512476839E-4,74.32793664318564,0.6265526207324029
-80.096664,25.590267,train,4.214218145935916E-4,94.03834665561517,0.7724388493653789
-80.964432,24.685583,train,2.323319274249151E-4,79.51004173014039,0.6517332523822867
-79.021187,9.506467,train,1.0496057337255507E-4,42.54463731759719,0.4581194506622955
-78.797134,9.51165,train,1.0852827030170391E-4,43.98263385193526,0.46642815672219984
-78.878166,9.488517,train,1.0914847342279215E-4,44.237887312316516,0.46784660225843167
-81.570183,22.085667,train,1.671868972511121E-4,62.069891919617206,0.5738586260227406
-81.297783,21.611851,train,1.899424552146589E-4,69.2427724971056,0.6047318501636618
-79.701385,22.915001,train,1.1971679014157381E-4,48.47576012131785,0.49090811583255206
-77.537781,21.93111,train,1.295041611283475E-4,52.465795886368575,0.5105515821908164
-75.906502,9.696555,train,1.0501371729285499E-4,42.56644604598089,0.4582451141073449
-79.567314,21.21895,train,1.9797458968168004E-4,71.49876045694417,0.6145877721010057
-79.58503,21.299433,train,1.9700402872928173E-4,71.1765188250759,0.6134230206322521
-79.118767,20.909782,train,1.977841629290008E-4,71.43659039288332,0.6143597984122541
-78.465332,20.586967,train,2.0122678791116113E-4,72.46969568073926,0.6184400205544281
-78.596634,20.626833,train,2.0343874081038936E-4,73.06314090478004,0.6210163897314215
-69.165001,12.318583,train,2.2133344862542228E-4,77.33427837198747,0.6406462066163294
-69.158279,12.375361,train,2.16425850185448E-4,76.17927727898473,0.6354680422010868
-79.740952,19.758183,train,1.6962289935635677E-4,62.93105361560374,0.5773922295003775
-87.434303,18.5259,train,5.893424644473663E-4,98.02177649795775,0.8259953371219866
-77.118202,18.419317,train,1.541795111135488E-4,58.349299766924005,0.5539435229193841
-77.641945,18.512501,train,1.601976654510797E-4,59.891320227777854,0.5633841670292221
-78.355782,18.342051,train,1.5903750032931756E-4,59.53825930312922,0.5615954430890592
-76.374535,18.1724,train,1.4564170178806208E-4,56.36849029324022,0.539827715183284
-76.689796,18.269634,train,1.4867696761882487E-4,57.16250365674548,0.5449472197872698
-68.330002,12.165,train,1.834101721509952E-4,67.01125934098485,0.5963367673441574
-68.427498,12.258333,train,1.8328518823157078E-4,66.97988025639376,0.5961726637767232
-87.276665,20.391666,train,5.574797320597673E-4,97.2621837850518,0.8178615164501553
-79.974319,19.6938,train,1.6791416508063568E-4,62.34751511430675,0.5749197545153347
-87.598892,18.723333,train,5.07740392264238E-4,96.07578643854256,0.803524488377692
-64.582352,18.474617,train,6.0120000473255814E-5,19.10080003342633,0.32625820325032856
-70.78347,20.985983,train,1.104626884862681E-4,44.80114974671872,0.47082751667621986
-71.510483,21.484533,train,1.0912889208740775E-4,44.22981761872263,0.4678019337539897
-71.201302,21.373466,train,1.0910026684600239E-4,44.21802082740796,0.4677366209978183
-72.116669,21.883333,train,1.0979088504398953E-4,44.5482283820494,0.46930791044278825
-71.455803,21.546034,train,1.0917284782282105E-4,44.2479322829943,0.4679021941198887
-72.224266,21.489283,train,1.1759646424313339E-4,47.49723016611653,0.48644296173327406
-71.168137,21.3943,train,1.0931154037051378E-4,44.31875854063406,0.4682182959132964
-87.6175,18.913334,train,4.797509645265104E-4,94.96125191537445,0.794418316571749
-66.857719,11.74215,train,1.2809502366953804E-4,51.86279248134063,0.5078173489150993
-64.755501,17.787117,train,6.419825998217329E-5,23.14231098788682,0.34084647685546937
-93.591499,27.905333,train,2.52120642305015E-5,1.1610957168956384,0.16879692167892385
-93.808998,27.921667,train,2.3844295973839733E-5,0.9645524495282418,0.16111497872798194
-62.977665,17.461666,train,5.747452590627521E-5,16.049253980384755,0.31644479995916586
-77.397346,23.7285,train,1.257109358715069E-4,50.7613116842099,0.5031211331031498
-82.9528,14.4036,train,1.87121021585462E-4,68.25430121348704,0.6011490609949356
-87.75,16.75,train,1.8758367304074256E-4,68.43310969894516,0.6017410029486183
-87.8667,16.7583,train,1.7991374734264631E-4,66.12581401911649,0.5916950682096003
-75.9025,18.2958,train,1.4643466773900035E-4,56.58731264671571,0.5411762738363888
-80.0,25.0,train,3.4069535412834965E-4,91.7059930167091,0.732919991169009
-77.4583,27.9583,train,4.6348047665954074E-5,6.818992725705699,0.27183720879536016
-69.1583,11.7167,train,2.3695939734529923E-4,80.29641587232645,0.6561961337767576
-75.65,17.7347,train,1.340954501041333E-4,53.8963124639902,0.5192533363680322
-77.283333,19.8,train,2.0571053279789836E-4,73.64899794888532,0.6236264889518829
-77.25,21.533333,train,1.1908998177784217E-4,48.25862708202768,0.4895962367766126
-82.449997,27.916668,train,1.3466782070171196E-5,0.20665203533806134,0.09785624639601166
-80.949997,24.75,train,2.20456368747188E-4,77.10670619981923,0.6397315953809801
-61.83039,16.23241,train,6.35531719578432E-5,22.639502406952726,0.3385811488174643
-80.549183,24.8887,train,3.854691939258605E-4,93.1400132947877,0.7563849014702682
-87.057857,20.394659,train,6.184618077191483E-4,98.62560158426683,0.8328184081614006
-80.189522,25.354786,train,3.7779478271102147E-4,92.7858032258294,0.7526601932387803
-70.560572,18.218325,train,9.117242974692796E-5,36.552167025926956,0.42342039872934256
-86.927353,16.09496,train,2.0278060299836696E-4,72.81348499575442,0.6202534678648618
-70.4098,19.7602,train,1.0661783879846442E-4,43.18441849796015,0.46201095962907085
-94.524917,18.175417,train,4.81506500896764E-5,7.685029022956625,0.2794551640593847
-97.229028,21.486158,train,6.121424660783093E-5,20.52485814253446,0.3302354236659312
-87.2774,20.01573,train,5.296818698066785E-4,96.45749757514923,0.810117857586176
-77.9317,25.8215,train,7.604757533217559E-5,30.270465916404206,0.37986028594292964
-66.06164,10.5805,train,1.0147479243380142E-4,41.28685920341402,0.4497477350599017
-63.48,17.5483,train,5.951203021400949E-5,18.307549498384716,0.3240279533082096
-93.816667,27.874306,train,2.6855081702523564E-5,1.4296686543496904,0.17784078989624472
-80.111732,25.472216,train,3.98967610205266E-4,93.56890948285903,0.7626710792198188
-80.637665,24.835516,train,3.4699937408897043E-4,91.92600677866551,0.73649353579178
-94.283333,28.166667,train,1.4309994765504063E-5,0.2290192152612003,0.103350196553438
-75.777031,9.767861,train,1.1191355563960157E-4,45.38753526192405,0.47407983986087465
-75.752326,23.515852,train,1.1266996525624886E-4,45.670346042221176,0.47575963489256295
-61.08983,14.526883,train,5.968516841175525E-5,18.529624522038933,0.32466458774557216
-79.17638,22.639741,train,1.2137075353474557E-4,49.014910008071965,0.4943376227508941
-71.661758,17.916491,train,1.1521035342191247E-4,46.5519043587077,0.48132349356197207
-79.72385,15.88571,train,1.7022601791926727E-4,63.200602262662244,0.5782580660868102
-61.737982,10.682928,train,2.9331176133999768E-5,1.8725019992669643,0.19110448504495403
-78.99848,26.694858,train,1.9551959402145058E-4,70.71253608737341,0.6116278981412239
-87.605565,18.395445,train,4.5674044119526285E-4,94.45546432230724,0.7862747291184163
-77.284149,25.083385,train,8.817422195617127E-5,35.25336546231181,0.4152786265636312
-75.594569,10.268696,train,1.2428825170671446E-4,50.19247747397755,0.5002757653230471
-63.067939,18.0046,train,5.6503414724724876E-5,15.037968845099972,0.31277034088278555
-99.911806,16.823933,train,8.746697013092803E-5,34.97317443928269,0.41332442196820957
-64.42698,10.28311,train,5.630852710599863E-5,14.806963407341662,0.31202816681506096
-72.2063,12.2063,train,8.907756636550032E-5,35.55991705621969,0.41775580034788695
-63.901,17.4471,train,6.190347875684925E-5,21.152177575535127,0.3327165394735592
-63.2506,17.3459,train,5.95672915682384E-5,18.378383364931246,0.32423128136930734
-72.993139,11.647944,train,7.994217967444394E-5,31.752037724114828,0.39169407729541617
-99.851944,16.806222,train,8.815470751768394E-5,35.24642465574035,0.41522488096695753
-75.683731,9.74175,train,1.1623473062012434E-4,46.888069459551254,0.4835337740030333
-75.829613,9.696278,train,1.0985743950505589E-4,44.5727315573047,0.4694588447057358
-96.066667,15.75,train,8.871413197385253E-5,35.42822719547578,0.41676170922470857
-71.97,12.16,train,8.573001541467215E-5,34.250068833331184,0.4084691576899488
-82.6967,14.4933,train,1.9355595387412954E-4,70.17939724648319,0.609227502145501
-96.555833,15.654444,train,1.0434252474338901E-4,42.27805713488516,0.4566537277523722
-81.77,7.8,train,2.3626996192106932E-5,0.9311551540363291,0.1598814442820415
-79.67,9.58,train,1.2945344484072526E-4,52.44333985628119,0.510453701476366
-79.580559,9.62,train,1.2725388150325241E-4,51.533563482718215,0.5061706219280105
-77.315916,5.874432,train,6.33345518778437E-6,0.04199956476919055,0.04853791992760265
-79.597221,9.61306,train,1.270170475144347E-4,51.38915247679925,0.5057049756183237
-74.7661,22.5322,train,1.1855222088093207E-4,47.96421006782251,0.48846532914089996
-81.3883,24.5533,train,1.6036637140845876E-4,59.95320641521576,0.5636430602991509
-83.6861,24.7922,train,8.962398785591299E-5,35.798628151260765,0.4192440492991319
-82.1408,26.0531,train,3.430228702581518E-5,3.050243826010873,0.21648170220832783
-82.211667,26.295,train,3.236213188815359E-5,2.534219623999617,0.20676913175873357
-82.1417,26.0506,train,3.5256649391000076E-5,3.285051828015287,0.2211725642913122
-61.66,10.69,train,3.1830677526824526E-5,2.400200452701835,0.20406647212396417
-82.7336,26.2803,train,3.383465078812916E-5,2.9268958314483187,0.2141624978100531
-81.359026,13.354189,train,2.5045848607807347E-4,82.97801060386526,0.66858513144849
-81.188889,24.684444,train,1.679778257695207E-4,62.373144344976794,0.5750123878934617
-81.276667,24.67,train,1.511262508793975E-4,57.66639074936504,0.5489960550019385
-76.90097,8.37166,train,6.9628302503312525E-6,0.052071196832401766,0.053105138014637586
-87.0,30.0,train,6.923995307701471E-6,0.05116214783889692,0.05282459218582713
-79.87,8.4006,train,9.856097846207008E-6,0.12010792459744399,0.07354894710075076
-77.7417,24.3167,train,1.0467597687086181E-4,42.42311452814406,0.4574455041024639
-77.7783,23.72,train,1.2921882389518066E-4,52.33945498498455,0.5100003810708601
-68.925,20.0,train,1.0071913703105622E-4,41.05350198990404,0.44789866484720925
-77.88,17.7,train,1.5399188274395665E-4,58.2991698683224,0.5536426244042292
-81.74,15.9967,train,2.576060926177868E-4,84.24676412198642,0.6747901809477821
-82.8167,15.2633,train,2.1107388144945492E-4,75.0950227927919,0.6296481809305219
-82.68,14.0367,train,1.8819069493397752E-4,68.63264485494844,0.6025150006457145
-91.97,20.03,train,1.176123356916591E-4,47.50342638961822,0.4864766760528161
-83.72,26.2833,train,4.900548488728814E-5,8.072593173511807,0.2830123278713798
-81.7,7.53,train,1.815767946808288E-5,0.3433017856203744,0.12759341331336654
-77.35,6.0,train,6.303617075333065E-6,0.041557021473490934,0.04832029802059057
-82.0125,7.952778,train,2.3253686016855596E-5,0.8722924538743461,0.15775380285501506
-85.713889,10.575,train,3.3947893990175635E-5,2.9588296265017995,0.21472537730583
-67.8542,18.0333,train,8.212277111167638E-5,32.658227211654214,0.3981246826112853
-82.8766,24.6281,train,8.537387275929471E-5,34.104045503413715,0.4074636964710966
-65.73,18.15,train,6.652709225104907E-5,24.77555802468373,0.3488969882034934
-84.95,21.85,train,2.055941021216189E-4,73.6184406800758,0.6234935942049568
-78.125,27.3667,train,5.4458398402061774E-5,12.434260894102803,0.30490180722590865
-81.4167,13.025,train,2.606776368839966E-4,84.67276576091757,0.6773858707250134
-82.3519,23.1678,train,2.51185005086835E-4,83.12080997101538,0.6692266341318466
-79.116667,8.333333,train,8.04479787913315E-6,0.0773979133758925,0.06085506520353448
-83.866669,8.7,train,2.3000571310339955E-5,0.8312265587901735,0.15630506150415827
-79.0,8.5,train,8.170448883175936E-6,0.08033915420240464,0.06174686543797412
-84.315,28.535,train,1.4506133055072825E-5,0.23422200743556315,0.10461855587653228
-95.75,27.283333,train,2.8507776599084675E-5,1.7283290863630025,0.18674153125092066
-61.200001,16.25,train,6.295652719135292E-5,22.1440112176876,0.3364720321109607
-77.227365,21.545278,train,1.1873058796618958E-4,48.06888844336849,0.48884098899522277
-81.070095,24.71765,train,1.869482446401978E-4,68.18492605673043,0.6009275490589253
-79.679169,9.7625,train,1.303356925682055E-4,52.859783182835365,0.5121508460898775
-81.028333,19.331667,train,1.7371103858027112E-4,64.42797028265771,0.5831924921948608
-82.0,26.0,train,3.572360303664763E-5,3.4172928498348374,0.2234473207627722
-79.300003,8.8,train,1.8835028345019933E-5,0.3684082225551476,0.1317261434772685
-96.070833,15.656667,train,9.008139300125806E-5,35.991283709186966,0.42048401339361624
-82.0,24.5,train,1.1035373786314712E-4,44.755452376501204,0.4705816640088285
-63.4,17.566667,train,5.9115919714649734E-5,17.87339885844715,0.3225669188249661
-83.0,25.0,train,6.359247128329609E-5,22.667220498516112,0.3387195998789622
